Date,RUS3000
1/3/2000,2909.8899
1/4/2000,2795.3601
1/5/2000,2802.51
1/6/2000,2784.4199
1/7/2000,2878.48
1/10/2000,2922.8799
1/11/2000,2878.55
1/12/2000,2867.8899
1/13/2000,2913.1799
1/14/2000,2945.99
1/18/2000,2931.6499
1/19/2000,2943.3
1/20/2000,2929.6599
1/21/2000,2926.6001
1/24/2000,2850.3201
1/25/2000,2863.04
1/26/2000,2851.6399
1/27/2000,2841.45
1/28/2000,2767.99
1/31/2000,2821.3401
2/1/2000,2856.2
2/2/2000,2858.22
2/3/2000,2894.3899
2/4/2000,2892.98
2/7/2000,2899.3101
2/8/2000,2932.9199
2/9/2000,2878.45
2/10/2000,2890.6499
2/11/2000,2838.1001
2/14/2000,2842.9099
2/15/2000,2864.8401
2/16/2000,2846.24
2/17/2000,2851.95
2/18/2000,2774.03
2/22/2000,2781.9099
2/23/2000,2813.28
2/24/2000,2808.1101
2/25/2000,2773.9399
2/28/2000,2797.52
2/29/2000,2847.49
3/1/2000,2877.8899
3/2/2000,2877.1799
3/3/2000,2941.29
3/6/2000,2913.52
3/7/2000,2843.49
3/8/2000,2861.51
3/9/2000,2930.99
3/10/2000,2920.24
3/13/2000,2885.0801
3/14/2000,2827.26
3/15/2000,2870.27
3/16/2000,3007.23
3/17/2000,3021.97
3/20/2000,2985.9399
3/21/2000,3055.28
3/22/2000,3084.5601
3/23/2000,3135.3301
3/24/2000,3136.22
3/27/2000,3128.46
3/28/2000,3089.8101
3/29/2000,3074.72
3/30/2000,3033.6399
3/31/2000,3070.5601
4/3/2000,3055.78
4/4/2000,3028.25
4/5/2000,3023.74
4/6/2000,3059.1899
4/7/2000,3095.51
4/10/2000,3052.46
4/11/2000,3036.6799
4/12/2000,2968.6699
4/13/2000,2918.9399
4/14/2000,2743.1699
4/17/2000,2828.0901
4/18/2000,2915.1599
4/19/2000,2891.6101
4/20/2000,2898.8201
4/24/2000,2885.2
4/25/2000,2985.55
4/26/2000,2952.3999
4/27/2000,2969.45
4/28/2000,2962.3501
5/1/2000,2994.55
5/2/2000,2939.45
5/3/2000,2881.6001
5/4/2000,2878.6399
5/5/2000,2922.8101
5/8/2000,2900.76
5/9/2000,2871.6699
5/10/2000,2802.3999
5/11/2000,2862.1001
5/12/2000,2883.3799
5/15/2000,2944.45
5/16/2000,2977.72
5/17/2000,2939.7
5/18/2000,2913.3601
5/19/2000,2848.6101
5/22/2000,2834.47
5/23/2000,2777.55
5/24/2000,2824.52
5/25/2000,2788.3601
5/26/2000,2786
5/30/2000,2883.6599
5/31/2000,2879.1499
6/1/2000,2944.3301
6/2/2000,3015.3601
6/5/2000,2995.6299
6/6/2000,2973.27
6/7/2000,3002.3501
6/8/2000,2983.2
6/9/2000,2981.3301
6/12/2000,2950.5901
6/13/2000,2996.9199
6/14/2000,2994.24
6/15/2000,3010.78
6/16/2000,2986.1899
6/19/2000,3033
6/20/2000,3021.6799
6/21/2000,3025.22
6/22/2000,2972.72
6/23/2000,2946.4399
6/26/2000,2969.76
6/27/2000,2953.8
6/28/2000,2973.6899
6/29/2000,2947.26
6/30/2000,2964.3999
7/3/2000,2995.04
7/5/2000,2947.6399
7/6/2000,2972.2
7/7/2000,3015.95
7/10/2000,3012.3301
7/11/2000,3018.8201
7/12/2000,3049.6799
7/13/2000,3064.1899
7/14/2000,3090.47
7/17/2000,3096.3601
7/18/2000,3054.3501
7/19/2000,3026.3601
7/20/2000,3062.1899
7/21/2000,3026.28
7/24/2000,2992.3899
7/25/2000,3001.75
7/26/2000,2963.98
7/27/2000,2945.4399
7/28/2000,2881.04
7/31/2000,2912
8/1/2000,2919.4299
8/2/2000,2920.5
8/3/2000,2953.1699
8/4/2000,2976.3799
8/7/2000,3008.6299
8/8/2000,3011.5
8/9/2000,2995.6599
8/10/2000,2968.9299
8/11/2000,2998.27
8/14/2000,3036.76
8/15/2000,3023.47
8/16/2000,3023.6201
8/17/2000,3054.05
8/18/2000,3043.6001
8/21/2000,3055.4099
8/22/2000,3057.8601
8/23/2000,3077.75
8/24/2000,3088.6899
8/25/2000,3088.1599
8/28/2000,3103.76
8/29/2000,3098.9299
8/30/2000,3095.1299
8/31/2000,3127.96
9/1/2000,3140.0901
9/5/2000,3107.6299
9/6/2000,3073.75
9/7/2000,3101.97
9/8/2000,3077.3401
9/11/2000,3068.9199
9/12/2000,3054.3101
9/13/2000,3063.8501
9/14/2000,3065.3201
9/15/2000,3028.55
9/18/2000,2978.8601
9/19/2000,3016.9299
9/20/2000,3001.1699
9/21/2000,2971.1599
9/22/2000,3000.55
9/25/2000,2981.6499
9/26/2000,2956.45
9/27/2000,2958.5
9/28/2000,3020.47
9/29/2000,2986.3301
10/2/2000,2972.1499
10/3/2000,2939.96
10/4/2000,2958.96
10/5/2000,2957.53
10/6/2000,2898.79
10/9/2000,2886.3799
10/10/2000,2847.51
10/11/2000,2800.52
10/12/2000,2724.8301
10/13/2000,2826.76
10/16/2000,2832.25
10/17/2000,2780.25
10/18/2000,2759.79
10/19/2000,2856.28
10/20/2000,2878.97
10/23/2000,2881.05
10/24/2000,2878.6201
10/25/2000,2811.53
10/26/2000,2812.7
10/27/2000,2840.6799
10/30/2000,2868.77
10/31/2000,2943.8101
11/1/2000,2928.5
11/2/2000,2956.0601
11/3/2000,2954.8401
11/6/2000,2961.54
11/7/2000,2959.8701
11/8/2000,2906.4299
11/9/2000,2882.55
11/10/2000,2810.26
11/13/2000,2773.54
11/14/2000,2844.4399
11/15/2000,2861.9099
11/16/2000,2819.47
11/17/2000,2807.22
11/20/2000,2745.5701
11/21/2000,2749.77
11/22/2000,2694.9099
11/24/2000,2747.5801
11/27/2000,2757.04
11/28/2000,2718.6499
11/29/2000,2726.55
11/30/2000,2672.48
12/1/2000,2683.1101
12/4/2000,2694.73
12/5/2000,2812.4099
12/6/2000,2763.3401
12/7/2000,2750.0901
12/8/2000,2821.3601
12/11/2000,2851.1899
12/12/2000,2824.1101
12/13/2000,2796.71
12/14/2000,2750.3799
12/15/2000,2696.45
12/18/2000,2716.77
12/19/2000,2678.6799
12/20/2000,2587.9399
12/21/2000,2602.5
12/22/2000,2677.6001
12/26/2000,2695.1399
12/27/2000,2730.3401
12/28/2000,2750.6499
12/29/2000,2717.3899
1/2/2001,2625.45
1/3/2001,2763.01
1/4/2001,2728.3301
1/5/2001,2651.04
1/8/2001,2644.1799
1/9/2001,2656.21
1/10/2001,2692.8701
1/11/2001,2726.4099
1/12/2001,2713.27
1/16/2001,2731.5601
1/17/2001,2739.47
1/18/2001,2772.3501
1/19/2001,2756.02
1/22/2001,2757.5901
1/23/2001,2799.4099
1/24/2001,2807.6799
1/25/2001,2788.3501
1/26/2001,2785.7
1/29/2001,2809.25
1/30/2001,2828.6599
1/31/2001,2810.3501
2/1/2001,2822.6201
2/2/2001,2771.26
2/5/2001,2778.8
2/6/2001,2779.8999
2/7/2001,2755
2/8/2001,2737.8999
2/9/2001,2702.8301
2/12/2001,2734.77
2/13/2001,2710.03
2/14/2001,2708.3501
2/15/2001,2734.2
2/16/2001,2685.45
2/20/2001,2635.49
2/21/2001,2587.5601
2/22/2001,2578.01
2/23/2001,2568.6001
2/26/2001,2616.48
2/27/2001,2589.3899
2/28/2001,2553.5701
3/1/2001,2555.6399
3/2/2001,2545.26
3/5/2001,2559.77
3/6/2001,2586.1201
3/7/2001,2601.1201
3/8/2001,2600.6599
3/9/2001,2536.96
3/12/2001,2428.6899
3/13/2001,2468.3601
3/14/2001,2406.8601
3/15/2001,2415.9199
3/16/2001,2366.28
3/19/2001,2410.73
3/20/2001,2352.48
3/21/2001,2309.3601
3/22/2001,2298.8101
3/23/2001,2345.77
3/26/2001,2372.3201
3/27/2001,2430.1599
3/28/2001,2370.8799
3/29/2001,2359.6399
3/30/2001,2387.1101
4/2/2001,2351.28
4/3/2001,2268.3501
4/4/2001,2260.0801
4/5/2001,2362.8501
4/6/2001,2313.4299
4/9/2001,2334.23
4/10/2001,2400.3999
4/11/2001,2396.71
4/12/2001,2433.8
4/16/2001,2423.53
4/17/2001,2449.95
4/18/2001,2543.02
4/19/2001,2578.6001
4/20/2001,2555.99
4/23/2001,2514.28
4/24/2001,2486.1699
4/25/2001,2528.51
4/26/2001,2540.9399
4/27/2001,2580.1001
4/30/2001,2578.55
5/1/2001,2613.1399
5/2/2001,2619.8101
5/3/2001,2579.51
5/4/2001,2617.1101
5/7/2001,2608.72
5/8/2001,2606.04
5/9/2001,2594.02
5/10/2001,2591.6699
5/11/2001,2572.3401
5/14/2001,2577.3701
5/15/2001,2580.0801
5/16/2001,2653.1299
5/17/2001,2665.0701
5/18/2001,2671.8101
5/21/2001,2719.3999
5/22/2001,2714.1499
5/23/2001,2669.1101
5/24/2001,2679.1899
5/25/2001,2650.6101
5/29/2001,2625.0901
5/30/2001,2581.48
5/31/2001,2599.26
6/1/2001,2612.73
6/4/2001,2626.6299
6/5/2001,2664.53
6/6/2001,2638.3301
6/7/2001,2652.98
6/8/2001,2627.3899
6/11/2001,2603.99
6/12/2001,2605.04
6/13/2001,2577.75
6/14/2001,2530.0601
6/15/2001,2519.8799
6/18/2001,2506.5801
6/19/2001,2512.3999
6/20/2001,2538.49
6/21/2001,2564.5701
6/22/2001,2538.3401
6/25/2001,2523.4399
6/26/2001,2521.8501
6/27/2001,2514.9199
6/28/2001,2548.46
6/29/2001,2551.3301
7/2/2001,2567.8201
7/3/2001,2563.1001
7/5/2001,2531.9199
7/6/2001,2473.71
7/9/2001,2488.4099
7/10/2001,2452.26
7/11/2001,2447.52
7/12/2001,2506.3999
7/13/2001,2520.6899
7/16/2001,2491.54
7/17/2001,2517.97
7/18/2001,2501.8301
7/19/2001,2515.26
7/20/2001,2507.8999
7/23/2001,2469.5601
7/24/2001,2427.5901
7/25/2001,2461.6101
7/26/2001,2491.4299
7/27/2001,2498.45
7/30/2001,2496.23
7/31/2001,2509.28
8/1/2001,2521.96
8/2/2001,2531.3999
8/3/2001,2519.6599
8/6/2001,2490.53
8/7/2001,2496.97
8/8/2001,2454.27
8/9/2001,2453.8899
8/10/2001,2467.05
8/13/2001,2472.48
8/14/2001,2465.23
8/15/2001,2447.4199
8/16/2001,2453.23
8/17/2001,2414
8/20/2001,2431.79
8/21/2001,2403.1399
8/22/2001,2421.0801
8/23/2001,2414.28
8/24/2001,2458.73
8/27/2001,2448.47
8/28/2001,2413.1699
8/29/2001,2389.21
8/30/2001,2351.3201
8/31/2001,2361.1399
9/4/2001,2359.97
9/5/2001,2353.6201
9/6/2001,2303.0701
9/7/2001,2261.1699
9/10/2001,2270.75
9/11/2001,2270.76
9/12/2001,2271.1299
9/13/2001,2271.48
9/14/2001,2271.49
9/17/2001,2159.4199
9/18/2001,2141.6499
9/19/2001,2106.5601
9/20/2001,2041.1
9/21/2001,2001.46
9/24/2001,2077.6799
9/25/2001,2094.3301
9/26/2001,2081.25
9/27/2001,2105.2
9/28/2001,2152.8301
10/1/2001,2144.6101
10/2/2001,2169.21
10/3/2001,2216.4099
10/4/2001,2213.7
10/5/2001,2214.0901
10/8/2001,2196.79
10/9/2001,2185.47
10/10/2001,2236.8999
10/11/2001,2274.8501
10/12/2001,2262.45
10/15/2001,2259.8701
10/16/2001,2277.54
10/17/2001,2232.3501
10/18/2001,2214.9099
10/19/2001,2226.6201
10/22/2001,2260.0701
10/23/2001,2248.4199
10/24/2001,2249.95
10/25/2001,2282.5
10/26/2001,2291.8799
10/29/2001,2238.6799
10/30/2001,2199.96
10/31/2001,2202.9199
11/1/2001,2250.5801
11/2/2001,2254.4299
11/5/2001,2286.5601
11/6/2001,2319.6699
11/7/2001,2314.96
11/8/2001,2317.74
11/9/2001,2319.5701
11/12/2001,2317.74
11/13/2001,2362.1001
11/14/2001,2369.76
11/15/2001,2370.1799
11/16/2001,2364.4399
11/19/2001,2391.6599
11/20/2001,2372.6499
11/21/2001,2361.98
11/23/2001,2390.03
11/26/2001,2407.03
11/27/2001,2393.1299
11/28/2001,2349.3401
11/29/2001,2376.3201
11/30/2001,2372.6001
12/3/2001,2352.1699
12/4/2001,2386.4299
12/5/2001,2440.97
12/6/2001,2437.5
12/7/2001,2419.8401
12/10/2001,2383.25
12/11/2001,2377.6001
12/12/2001,2378.0901
12/13/2001,2341.78
12/14/2001,2349
12/17/2001,2373.22
12/18/2001,2393.3899
12/19/2001,2404.1299
12/20/2001,2382.3601
12/21/2001,2395.26
12/24/2001,2395.8701
12/26/2001,2407.01
12/27/2001,2423.6899
12/28/2001,2432.78
12/31/2001,2406.04
1/2/2002,2418.1599
1/3/2002,2442.5701
1/4/2002,2459.8
1/7/2002,2442.45
1/8/2002,2437
1/9/2002,2425.5601
1/10/2002,2427.6599
1/11/2002,2406.4099
1/14/2002,2387.4199
1/15/2002,2403.49
1/16/2002,2365.3999
1/17/2002,2389.78
1/18/2002,2364.8101
1/22/2002,2345.3401
1/23/2002,2367.23
1/24/2002,2376.0801
1/25/2002,2378.8999
1/28/2002,2380.23
1/29/2002,2318.48
1/30/2002,2344.1299
1/31/2002,2375.8701
2/1/2002,2359.47
2/4/2002,2303.3101
2/5/2002,2296.74
2/6/2002,2279.1499
2/7/2002,2270.0701
2/8/2002,2305.6399
2/11/2002,2337.3401
2/12/2002,2330.1001
2/13/2002,2353.6499
2/14/2002,2348.1899
2/15/2002,2322.4399
2/19/2002,2277.97
2/20/2002,2309.2
2/21/2002,2273.0701
2/22/2002,2291.76
2/25/2002,2330.54
2/26/2002,2332.25
2/27/2002,2334.5801
2/28/2002,2327.28
3/1/2002,2380.46
3/4/2002,2428.79
3/5/2002,2415.71
3/6/2002,2450.5801
3/7/2002,2440.0901
3/8/2002,2455.97
3/11/2002,2462.8401
3/12/2002,2456.8201
3/13/2002,2434.3999
3/14/2002,2433.46
3/15/2002,2459.7
3/18/2002,2461
3/19/2002,2470.29
3/20/2002,2432.03
3/21/2002,2439.3899
3/22/2002,2429.48
3/25/2002,2394.1201
3/26/2002,2409.3101
3/27/2002,2422.9199
3/28/2002,2429.3201
4/1/2002,2427.8301
4/2/2002,2405.9199
4/3/2002,2382.49
4/4/2002,2385.0701
4/5/2002,2378.26
4/8/2002,2386.21
4/9/2002,2371.3201
4/10/2002,2399.5601
4/11/2002,2345.6101
4/12/2002,2364.7
4/15/2002,2348.3799
4/16/2002,2402.03
4/17/2002,2396.1201
4/18/2002,2393.6101
4/19/2002,2394.2
4/22/2002,2357.97
4/23/2002,2344.8799
4/24/2002,2329.6699
4/25/2002,2328.1001
4/26/2002,2295.8799
4/29/2002,2274.6399
4/30/2002,2301.8701
5/1/2002,2319.1499
5/2/2002,2315.24
5/3/2002,2292.8701
5/6/2002,2250.1101
5/7/2002,2241.71
5/8/2002,2323.1399
5/9/2002,2289.7
5/10/2002,2252.26
5/13/2002,2291.96
5/14/2002,2342.26
5/15/2002,2332.29
5/16/2002,2340.6599
5/17/2002,2357.8601
5/20/2002,2327.45
5/21/2002,2301.1201
5/22/2002,2311.1499
5/23/2002,2336.1699
5/24/2002,2308.1799
5/28/2002,2291.02
5/29/2002,2276.1599
5/30/2002,2270.95
5/31/2002,2275.2
6/3/2002,2220.1799
6/4/2002,2218.5
6/5/2002,2236.7
6/6/2002,2192.8301
6/7/2002,2194.0701
6/10/2002,2198.79
6/11/2002,2160.51
6/12/2002,2173.05
6/13/2002,2149.4099
6/14/2002,2147.49
6/17/2002,2207.6101
6/18/2002,2208.8
6/19/2002,2173.05
6/20/2002,2142.8
6/21/2002,2109.71
6/24/2002,2114.0701
6/25/2002,2078.7
6/26/2002,2074.1499
6/27/2002,2109.1299
6/28/2002,2111.4199
7/1/2002,2061.6699
7/2/2002,2015.71
7/3/2002,2023.59
7/5/2002,2096.52
7/8/2002,2070.49
7/9/2002,2019.8
7/10/2002,1957.35
7/11/2002,1969.12
7/12/2002,1958.42
7/15/2002,1950.15
7/16/2002,1921.35
7/17/2002,1934.02
7/18/2002,1880.1899
7/19/2002,1814.45
7/22/2002,1757.46
7/23/2002,1708.0699
7/24/2002,1802.27
7/25/2002,1794.0699
7/26/2002,1821.76
7/29/2002,1920.53
7/30/2002,1928.87
7/31/2002,1943.5601
8/1/2002,1890.02
8/2/2002,1845.09
8/5/2002,1783.1801
8/6/2002,1837.42
8/7/2002,1871.89
8/8/2002,1929.91
8/9/2002,1935.79
8/12/2002,1927.03
8/13/2002,1884.24
8/14/2002,1955.84
8/15/2002,1977.91
8/16/2002,1978.91
8/19/2002,2022.59
8/20/2002,1996
8/21/2002,2023.5
8/22/2002,2050.03
8/23/2002,2003.37
8/26/2002,2020.6
8/27/2002,1989.8199
8/28/2002,1954.28
8/29/2002,1957.84
8/30/2002,1952.74
9/3/2002,1874.6899
9/4/2002,1909.45
9/5/2002,1878.52
9/6/2002,1912.09
9/9/2002,1929.55
9/10/2002,1941.9
9/11/2002,1941.62
9/12/2002,1894.71
9/13/2002,1901.63
9/16/2002,1902.33
9/17/2002,1865.03
9/18/2002,1856.45
9/19/2002,1800.95
9/20/2002,1804.66
9/23/2002,1779.6899
9/24/2002,1750.65
9/25/2002,1794.15
9/26/2002,1826
9/27/2002,1769.8199
9/30/2002,1747.5601
10/1/2002,1811.3
10/2/2002,1768.7
10/3/2002,1748.54
10/4/2002,1707.8
10/7/2002,1673.63
10/8/2002,1699.3199
10/9/2002,1651.89
10/10/2002,1709.96
10/11/2002,1774.33
10/14/2002,1787.84
10/15/2002,1870.65
10/16/2002,1824.58
10/17/2002,1869.39
10/18/2002,1878.41
10/21/2002,1910.36
10/22/2002,1888.53
10/23/2002,1902.27
10/24/2002,1874.33
10/25/2002,1907.09
10/28/2002,1891.77
10/29/2002,1874.61
10/30/2002,1894.9399
10/31/2002,1886.72
11/1/2002,1920.36
11/4/2002,1935.63
11/5/2002,1948.48
11/6/2002,1968.01
11/7/2002,1923.26
11/8/2002,1905.08
11/11/2002,1865.11
11/12/2002,1880.91
11/13/2002,1880.12
11/14/2002,1926.59
11/15/2002,1938.5
11/18/2002,1919.39
11/19/2002,1910.7
11/20/2002,1948.04
11/21/2002,1991.0699
11/22/2002,1986.35
11/25/2002,1993.8
11/26/2002,1952.88
11/27/2002,2007.26
11/29/2002,2000.88
12/2/2002,1998.34
12/3/2002,1967.83
12/4/2002,1960.66
12/5/2002,1939.34
12/6/2002,1951.3199
12/9/2002,1908.1
12/10/2002,1934.92
12/11/2002,1936.9
12/12/2002,1931.39
12/13/2002,1905.53
12/16/2002,1948.51
12/17/2002,1932.95
12/18/2002,1907.15
12/19/2002,1893.9301
12/20/2002,1918.21
12/23/2002,1922.99
12/24/2002,1912.75
12/26/2002,1908.34
12/27/2002,1879.23
12/30/2002,1885.73
12/31/2002,1887.76
1/2/2003,1948.47
1/3/2003,1946.89
1/6/2003,1990.37
1/7/2003,1976.6
1/8/2003,1949.67
1/9/2003,1986.11
1/10/2003,1986.64
1/13/2003,1984.1801
1/14/2003,1995.49
1/15/2003,1968.73
1/16/2003,1961.36
1/17/2003,1934.02
1/21/2003,1904.75
1/22/2003,1886.5699
1/23/2003,1905.01
1/24/2003,1851.83
1/27/2003,1821.4301
1/28/2003,1844.84
1/29/2003,1857.1899
1/30/2003,1817.11
1/31/2003,1841.5699
2/3/2003,1848.8101
2/4/2003,1824.85
2/5/2003,1815.61
2/6/2003,1804.4399
2/7/2003,1785.6
2/10/2003,1798.97
2/11/2003,1785.13
2/12/2003,1762.33
2/13/2003,1758.78
2/14/2003,1792.66
2/18/2003,1828.1899
2/19/2003,1815.35
2/20/2003,1800.2
2/21/2003,1824.0601
2/24/2003,1791.53
2/25/2003,1804.6
2/26/2003,1782.54
2/27/2003,1803.49
2/28/2003,1811.27
3/3/2003,1798.8
3/4/2003,1772.6801
3/5/2003,1788.02
3/6/2003,1772.42
3/7/2003,1785.64
3/10/2003,1741.8101
3/11/2003,1727.86
3/12/2003,1733.47
3/13/2003,1791.84
3/14/2003,1794.05
3/17/2003,1855.55
3/18/2003,1864.13
3/19/2003,1877.95
3/20/2003,1883.3199
3/21/2003,1925.6801
3/24/2003,1860.36
3/25/2003,1882.87
3/26/2003,1872.47
3/27/2003,1870.45
3/28/2003,1861.29
3/31/2003,1830.3199
4/1/2003,1851.76
4/2/2003,1898.6899
4/3/2003,1888.87
4/4/2003,1892.1
4/7/2003,1895.5
4/8/2003,1890.87
4/9/2003,1866.61
4/10/2003,1876.54
4/11/2003,1870.71
4/14/2003,1906.41
4/15/2003,1918.35
4/16/2003,1896.83
4/17/2003,1925.5
4/21/2003,1923.5699
4/22/2003,1963.45
4/23/2003,1980.6
4/24/2003,1964.65
4/25/2003,1938.41
4/28/2003,1972.59
4/29/2003,1979.21
4/30/2003,1979.78
5/1/2003,1979.14
5/2/2003,2010.37
5/5/2003,2005.88
5/6/2003,2021.91
5/7/2003,2012.45
5/8/2003,1993.0699
5/9/2003,2021.24
5/12/2003,2046.47
5/13/2003,2041.79
5/14/2003,2037.17
5/15/2003,2052.47
5/16/2003,2046.53
5/19/2003,1997.77
5/20/2003,1995.6899
5/21/2003,2004.6801
5/22/2003,2023.66
5/23/2003,2029.26
5/27/2003,2068.76
5/28/2003,2072.8101
5/29/2003,2066.8601
5/30/2003,2099.29
6/2/2003,2107.3799
6/3/2003,2116.1499
6/4/2003,2149.03
6/5/2003,2160.0601
6/6/2003,2154.76
6/9/2003,2125.8401
6/10/2003,2146.1001
6/11/2003,2173.5901
6/12/2003,2176.52
6/13/2003,2153.8101
6/16/2003,2200.5901
6/17/2003,2202.77
6/18/2003,2198.97
6/19/2003,2166.02
6/20/2003,2167.3999
6/23/2003,2134.6899
6/24/2003,2138.3
6/25/2003,2125.27
6/26/2003,2149.55
6/27/2003,2131.53
6/30/2003,2127.6201
7/1/2003,2143.55
7/2/2003,2170.8301
7/3/2003,2154.75
7/7/2003,2195.8501
7/8/2003,2206.8
7/9/2003,2198.3999
7/10/2003,2168.0701
7/11/2003,2188.51
7/14/2003,2203.55
7/15/2003,2195.1001
7/16/2003,2181.0701
7/17/2003,2150.1499
7/18/2003,2174.3101
7/21/2003,2143.1699
7/22/2003,2164.03
7/23/2003,2166.8301
7/24/2003,2153.01
7/25/2003,2186.4099
7/28/2003,2185.21
7/29/2003,2172.6499
7/30/2003,2169.49
7/31/2003,2176.4299
8/1/2003,2152.97
8/4/2003,2156.1201
8/5/2003,2118.8301
8/6/2003,2119.78
8/7/2003,2132.6799
8/8/2003,2139.4399
8/11/2003,2148.01
8/12/2003,2170.3899
8/13/2003,2159.28
8/14/2003,2173.22
8/15/2003,2175.0601
8/18/2003,2196.9299
8/19/2003,2205.3301
8/20/2003,2202.3201
8/21/2003,2211.8301
8/22/2003,2188.02
8/25/2003,2187.3
8/26/2003,2194.0601
8/27/2003,2197.72
8/28/2003,2212.95
8/29/2003,2224.6599
9/2/2003,2256.2
9/3/2003,2266.3501
9/4/2003,2271.1001
9/5/2003,2257.1499
9/8/2003,2281.5901
9/9/2003,2263.97
9/10/2003,2232.76
9/11/2003,2246.6299
9/12/2003,2252.0801
9/15/2003,2243.9199
9/16/2003,2275.3301
9/17/2003,2269.3301
9/18/2003,2297.79
9/19/2003,2291.6499
9/22/2003,2262.3101
9/23/2003,2277.0601
9/24/2003,2234.05
9/25/2003,2216.25
9/26/2003,2199.47
9/29/2003,2221.99
9/30/2003,2200.5
10/1/2003,2249.23
10/2/2003,2255.6299
10/3/2003,2278.6001
10/6/2003,2289.5
10/7/2003,2301.26
10/8/2003,2289.6001
10/9/2003,2301.8101
10/10/2003,2300.1799
10/13/2003,2318.74
10/14/2003,2328.3799
10/15/2003,2320.3
10/16/2003,2328.1201
10/17/2003,2302.74
10/20/2003,2313.23
10/21/2003,2318.1899
10/22/2003,2282.47
10/23/2003,2288.0701
10/24/2003,2278.3201
10/27/2003,2287.46
10/28/2003,2322.9099
10/29/2003,2329
10/30/2003,2326.71
10/31/2003,2333.6799
11/3/2003,2354.98
11/4/2003,2343.8
11/5/2003,2342.52
11/6/2003,2356.9099
11/7/2003,2348.54
11/10/2003,2331.8401
11/11/2003,2327.8301
11/12/2003,2359.1101
11/13/2003,2360.6599
11/14/2003,2341.5601
11/17/2003,2325.3601
11/18/2003,2304.55
11/19/2003,2322.1201
11/20/2003,2303.71
11/21/2003,2308.72
11/24/2003,2348.1799
11/25/2003,2354.3301
11/26/2003,2364.6201
11/28/2003,2365.8201
12/1/2003,2393.8999
12/2/2003,2387.3301
12/3/2003,2379.22
12/4/2003,2386.6699
12/5/2003,2367.3999
12/8/2003,2384.71
12/9/2003,2361.5
12/10/2003,2355.71
12/11/2003,2387.04
12/12/2003,2394.29
12/15/2003,2376.9399
12/16/2003,2390.51
12/17/2003,2394.01
12/18/2003,2423.3301
12/19/2003,2422.25
12/22/2003,2431.21
12/23/2003,2439.9399
12/24/2003,2435.46
12/26/2003,2440.0601
12/29/2003,2471.74
12/30/2003,2473.3201
12/31/2003,2474.03
1/2/2004,2469.29
1/5/2004,2498.9199
1/6/2004,2502.5701
1/7/2004,2510.6001
1/8/2004,2523.5
1/9/2004,2503.6101
1/12/2004,2517.54
1/13/2004,2504.3899
1/14/2004,2524.49
1/15/2004,2527.8899
1/16/2004,2545.8601
1/20/2004,2547.76
1/21/2004,2565.1699
1/22/2004,2556.3799
1/23/2004,2552.55
1/26/2004,2582.0901
1/27/2004,2557.53
1/28/2004,2521.73
1/29/2004,2529.9299
1/30/2004,2525.6399
2/2/2004,2533.29
2/3/2004,2533.3501
2/4/2004,2508.49
2/5/2004,2513.8999
2/6/2004,2549.3101
2/9/2004,2545.5
2/10/2004,2559.8401
2/11/2004,2587.02
2/12/2004,2574.3101
2/13/2004,2559.4399
2/17/2004,2584.4099
2/18/2004,2573.8401
2/19/2004,2560.1299
2/20/2004,2552.3301
2/23/2004,2541.04
2/24/2004,2537.6001
2/25/2004,2551.23
2/26/2004,2557.96
2/27/2004,2559.6699
3/1/2004,2586.4199
3/2/2004,2571.6201
3/3/2004,2575.53
3/4/2004,2586.3501
3/5/2004,2592.6001
3/8/2004,2570.6599
3/9/2004,2553.98
3/10/2004,2516.3201
3/11/2004,2480.5901
3/12/2004,2514.2
3/15/2004,2475.3999
3/16/2004,2487.28
3/17/2004,2518.0601
3/18/2004,2513.01
3/19/2004,2486.8401
3/22/2004,2452.5901
3/23/2004,2450.75
3/24/2004,2443.6499
3/25/2004,2485.4399
3/26/2004,2483.8999
3/29/2004,2517.4099
3/30/2004,2529.2
3/31/2004,2529.28
4/1/2004,2545.27
4/2/2004,2566.6101
4/5/2004,2584.6699
4/6/2004,2576.4099
4/7/2004,2563.3999
4/8/2004,2558.79
4/12/2004,2569.51
4/13/2004,2532.02
4/14/2004,2526.8
4/15/2004,2527.5601
4/16/2004,2539.74
4/19/2004,2544.8999
4/20/2004,2504.9099
4/21/2004,2520.3401
4/22/2004,2556.5801
4/23/2004,2555.8501
4/26/2004,2546.71
4/27/2004,2551.45
4/28/2004,2514.73
4/29/2004,2493.1001
4/30/2004,2476.99
5/3/2004,2500.22
5/4/2004,2506.01
5/5/2004,2512
5/6/2004,2493.5801
5/7/2004,2455.97
5/10/2004,2426
5/11/2004,2448.8501
5/12/2004,2452.26
5/13/2004,2450.6299
5/14/2004,2447.25
5/17/2004,2420.49
5/18/2004,2438.9399
5/19/2004,2432.79
5/20/2004,2434.05
5/21/2004,2444.8101
5/24/2004,2451.6599
5/25/2004,2493.3701
5/26/2004,2499.95
5/27/2004,2512.8301
5/28/2004,2512.99
6/1/2004,2515.8301
6/2/2004,2524.3799
6/3/2004,2501.96
6/4/2004,2516.1799
6/7/2004,2556.5801
6/8/2004,2558.97
6/9/2004,2533.03
6/10/2004,2542.74
6/14/2004,2515.5901
6/15/2004,2533.6001
6/16/2004,2538.1299
6/17/2004,2534.75
6/18/2004,2540.6899
6/21/2004,2530.77
6/22/2004,2540.6001
6/23/2004,2563.6201
6/24/2004,2556.9199
6/25/2004,2547.4299
6/28/2004,2543.8
6/29/2004,2550.8501
6/30/2004,2562.9299
7/1/2004,2535.28
7/2/2004,2528.73
7/6/2004,2504.8999
7/7/2004,2510.2
7/8/2004,2486.21
7/9/2004,2494.75
7/12/2004,2496.3301
7/13/2004,2497.8401
7/14/2004,2489.8601
7/15/2004,2482.54
7/16/2004,2469.1101
7/19/2004,2467.48
7/20/2004,2488.1101
7/21/2004,2450.1599
7/22/2004,2454.6399
7/23/2004,2429.75
7/26/2004,2420.75
7/27/2004,2446.8999
7/28/2004,2445.9299
7/29/2004,2461.97
7/30/2004,2466.01
8/2/2004,2476.1299
8/3/2004,2458.4399
8/4/2004,2454.9099
8/5/2004,2414.48
8/6/2004,2376.0601
8/9/2004,2377.8701
8/10/2004,2410.6699
8/11/2004,2404.1499
8/12/2004,2374.8899
8/13/2004,2377.54
8/16/2004,2411.6399
8/17/2004,2418.74
8/18/2004,2451.77
8/19/2004,2441.52
8/20/2004,2462
8/23/2004,2454.8101
8/24/2004,2456.6001
8/25/2004,2476.3101
8/26/2004,2475.74
8/27/2004,2484.0801
8/30/2004,2463.6101
8/31/2004,2476.1699
9/1/2004,2483.4199
9/2/2004,2510.6001
9/3/2004,2499.54
9/7/2004,2518.2
9/8/2004,2506.26
9/9/2004,2514.3999
9/10/2004,2527.22
9/13/2004,2534.01
9/14/2004,2537.8701
9/15/2004,2521.01
9/16/2004,2531.05
9/17/2004,2540.03
9/20/2004,2526.3201
9/21/2004,2543.8
9/22/2004,2508.0801
9/23/2004,2497.71
9/24/2004,2501.51
9/27/2004,2484.48
9/28/2004,2500.6201
9/29/2004,2512.77
9/30/2004,2514.23
10/1/2004,2552.99
10/4/2004,2562.71
10/5/2004,2560.3899
10/6/2004,2578.45
10/7/2004,2550.8899
10/8/2004,2531.1201
10/11/2004,2536.72
10/12/2004,2531.6499
10/13/2004,2512.52
10/14/2004,2490.3899
10/15/2004,2501.8
10/18/2004,2515.0801
10/19/2004,2491.8401
10/20/2004,2494.0901
10/21/2004,2504.1001
10/22/2004,2479.26
10/25/2004,2478.5601
10/26/2004,2512.78
10/27/2004,2547.1799
10/28/2004,2550.6299
10/29/2004,2555.53
11/1/2004,2557.4199
11/2/2004,2556.3201
11/3/2004,2587.3501
11/4/2004,2627
11/5/2004,2636.71
11/8/2004,2633.3101
11/9/2004,2634.3799
11/10/2004,2634.4099
11/11/2004,2658.71
11/12/2004,2684.3501
11/15/2004,2685.3899
11/16/2004,2666.9399
11/17/2004,2682.4399
11/18/2004,2684.8999
11/19/2004,2654.1399
11/22/2004,2671.5901
11/23/2004,2673.6201
11/24/2004,2686.3799
11/26/2004,2689.48
11/29/2004,2683.8201
11/30/2004,2674.3201
12/1/2004,2715.3
12/2/2004,2712.3201
12/3/2004,2714.7
12/6/2004,2711.96
12/7/2004,2679.54
12/8/2004,2693.3101
12/9/2004,2706.02
12/10/2004,2705.8501
12/13/2004,2729.3301
12/14/2004,2741.4199
12/15/2004,2750.1799
12/16/2004,2741.9299
12/17/2004,2725.54
12/20/2004,2723.4399
12/21/2004,2749.0801
12/22/2004,2759.6599
12/23/2004,2761.3101
12/27/2004,2748.79
12/28/2004,2771.55
12/29/2004,2771.8501
12/30/2004,2773.1399
12/31/2004,2769.6101
1/3/2005,2742.75
1/4/2005,2707.3999
1/5/2005,2692.3999
1/6/2005,2702.3101
1/7/2005,2696.6599
1/10/2005,2708.1101
1/11/2005,2690.3899
1/12/2005,2700.73
1/13/2005,2680.46
1/14/2005,2698.55
1/18/2005,2724.9399
1/19/2005,2698.8301
1/20/2005,2678.6201
1/21/2005,2662.95
1/24/2005,2650.5701
1/25/2005,2659.7
1/26/2005,2676.25
1/27/2005,2677.8601
1/28/2005,2670.29
1/31/2005,2695.8501
2/1/2005,2715.22
2/2/2005,2725.1599
2/3/2005,2718.1599
2/4/2005,2749.6399
2/7/2005,2746.5601
2/8/2005,2749.4299
2/9/2005,2723.22
2/10/2005,2733.6001
2/11/2005,2754.76
2/14/2005,2757.71
2/15/2005,2765.75
2/16/2005,2768.4399
2/17/2005,2746.3999
2/18/2005,2747.21
2/22/2005,2706.04
2/23/2005,2720.71
2/24/2005,2744.49
2/25/2005,2772.6499
2/28/2005,2755.1899
3/1/2005,2771.77
3/2/2005,2771.4099
3/3/2005,2771.3999
3/4/2005,2798.1299
3/7/2005,2805.9199
3/8/2005,2791.28
3/9/2005,2762.73
3/10/2005,2765.3701
3/11/2005,2748.8601
3/14/2005,2766.45
3/15/2005,2747.27
3/16/2005,2724.55
3/17/2005,2729.8999
3/18/2005,2727.3601
3/21/2005,2716.1699
3/22/2005,2690.6001
3/23/2005,2688.9099
3/24/2005,2688.75
3/28/2005,2693.3201
3/29/2005,2671.1799
3/30/2005,2708.6699
3/31/2005,2708.5901
4/1/2005,2692.3501
4/4/2005,2699.4099
4/5/2005,2710.4199
4/6/2005,2716.8301
4/7/2005,2733.4299
4/8/2005,2709.46
4/11/2005,2707.73
4/12/2005,2723.6599
4/13/2005,2691.1399
4/14/2005,2662.3401
4/15/2005,2618.99
4/18/2005,2627.6899
4/19/2005,2647.6101
4/20/2005,2611.71
4/21/2005,2662.1799
4/22/2005,2642.4299
4/25/2005,2667.1499
4/26/2005,2643.1899
4/27/2005,2652.4399
4/28/2005,2620.76
4/29/2005,2649.74
5/2/2005,2663.3501
5/3/2005,2661.6599
5/4/2005,2696.22
5/5/2005,2691.6299
5/6/2005,2690.0901
5/9/2005,2708.21
5/10/2005,2680.6799
5/11/2005,2692.3401
5/12/2005,2664.8301
5/13/2005,2651.47
5/16/2005,2680.3601
5/17/2005,2699.26
5/18/2005,2730.46
5/19/2005,2743.3101
5/20/2005,2740.0901
5/23/2005,2751.1101
5/24/2005,2751.1899
5/25/2005,2738.8501
5/26/2005,2759.1499
5/27/2005,2763.55
5/31/2005,2750.1399
6/1/2005,2776.03
6/2/2005,2782.02
6/3/2005,2763.6101
6/6/2005,2768.0701
6/7/2005,2767.8301
6/8/2005,2761.3701
6/9/2005,2777.0801
6/10/2005,2771.1899
6/13/2005,2778.8999
6/14/2005,2787.51
6/15/2005,2794.1799
6/16/2005,2806.97
6/17/2005,2818.8701
6/20/2005,2816.6101
6/21/2005,2811.05
6/22/2005,2812.6399
6/23/2005,2782.95
6/24/2005,2761.3799
6/27/2005,2759.4099
6/28/2005,2788.54
6/29/2005,2786.5901
6/30/2005,2769.3501
7/1/2005,2778.73
7/5/2005,2804.3899
7/6/2005,2783.1299
7/7/2005,2790.72
7/8/2005,2825.3701
7/11/2005,2845.3999
7/12/2005,2851.22
7/13/2005,2851.71
7/14/2005,2855.1201
7/15/2005,2859.1699
7/18/2005,2843.74
7/19/2005,2865.3101
7/20/2005,2881.3701
7/21/2005,2859.1599
7/22/2005,2876.6699
7/25/2005,2863.5801
7/26/2005,2870.1599
7/27/2005,2882.3899
7/28/2005,2902.4399
7/29/2005,2882.97
8/1/2005,2886.9399
8/2/2005,2908.0601
8/3/2005,2908.22
8/4/2005,2883.6001
8/5/2005,2858.52
8/8/2005,2848.0701
8/9/2005,2865.2
8/10/2005,2862.0801
8/11/2005,2883.26
8/12/2005,2866.8799
8/15/2005,2876.53
8/16/2005,2842.74
8/17/2005,2844.6899
8/18/2005,2840.1201
8/19/2005,2842.3101
8/22/2005,2848.54
8/23/2005,2839.98
8/24/2005,2824.6499
8/25/2005,2831.73
8/26/2005,2812.3799
8/29/2005,2830.72
8/30/2005,2822.8799
8/31/2005,2855.48
9/1/2005,2859.7
9/2/2005,2849.8601
9/6/2005,2886.1399
9/7/2005,2894.6299
9/8/2005,2883.3301
9/9/2005,2905.4399
9/12/2005,2905.4399
9/13/2005,2883.7
9/14/2005,2872.1499
9/15/2005,2872.98
9/16/2005,2895.55
9/19/2005,2879.1499
9/20/2005,2856.53
9/21/2005,2827.9399
9/22/2005,2837.52
9/23/2005,2841.3999
9/26/2005,2845.4099
9/27/2005,2845.1799
9/28/2005,2846.73
9/29/2005,2874.21
9/30/2005,2880.47
10/3/2005,2880.23
10/4/2005,2851.3799
10/5/2005,2804.7
10/6/2005,2789.8701
10/7/2005,2801.3301
10/10/2005,2780.45
10/11/2005,2771.3301
10/12/2005,2750.1399
10/13/2005,2748.1101
10/14/2005,2774.1899
10/17/2005,2782.6499
10/18/2005,2753.75
10/19/2005,2795.3301
10/20/2005,2753.72
10/21/2005,2762.9399
10/24/2005,2810.5
10/25/2005,2802.48
10/26/2005,2789.23
10/27/2005,2755.1799
10/28/2005,2800.6201
10/31/2005,2826.52
11/1/2005,2816.8301
11/2/2005,2848.96
11/3/2005,2861.3799
11/4/2005,2861.3501
11/7/2005,2868.5
11/8/2005,2857.99
11/9/2005,2863.78
11/10/2005,2887.8899
11/11/2005,2896.6201
11/14/2005,2893.6001
11/15/2005,2880.73
11/16/2005,2884.51
11/17/2005,2915.4099
11/18/2005,2928.6399
11/21/2005,2946.55
11/22/2005,2961.79
11/23/2005,2971.6101
11/25/2005,2977.97
11/28/2005,2948.7
11/29/2005,2950.25
11/30/2005,2936.47
12/1/2005,2974.29
12/2/2005,2975.6699
12/5/2005,2967.72
12/6/2005,2971.45
12/7/2005,2956.6799
12/8/2005,2956.03
12/9/2005,2964.76
12/12/2005,2967.4399
12/13/2005,2981.8799
12/14/2005,2993.3501
12/15/2005,2987.1499
12/16/2005,2978.9299
12/19/2005,2957.76
12/20/2005,2957.8601
12/21/2005,2968.1499
12/22/2005,2982.1599
12/23/2005,2985.1299
12/27/2005,2955.73
12/28/2005,2961.96
12/29/2005,2953.78
12/30/2005,2939.1101
1/3/2006,2985.5
1/4/2006,2998.97
1/5/2006,3000.8799
1/6/2006,3030.04
1/9/2006,3043.6599
1/10/2006,3045.8799
1/11/2006,3055.05
1/12/2006,3035.8899
1/13/2006,3040.22
1/17/2006,3028.6899
1/18/2006,3018.1299
1/19/2006,3037.95
1/20/2006,2981.98
1/23/2006,2988.21
1/24/2006,3001.3601
1/25/2006,2995.1299
1/26/2006,3019.21
1/27/2006,3040.8301
1/30/2006,3043.6201
1/31/2006,3037.3
2/1/2006,3042.8501
2/2/2006,3015.8601
2/3/2006,3000.46
2/6/2006,3004.3501
2/7/2006,2977.97
2/8/2006,3001.71
2/9/2006,2996.8
2/10/2006,3002.26
2/13/2006,2989.5
2/14/2006,3020.3601
2/15/2006,3033.51
2/16/2006,3057.24
2/17/2006,3053.1101
2/21/2006,3042.29
2/22/2006,3066.1799
2/23/2006,3057.0801
2/24/2006,3063.1101
2/27/2006,3075.8
2/28/2006,3042.71
3/1/2006,3071.1201
3/2/2006,3065.8701
3/3/2006,3060.71
3/6/2006,3039.2
3/7/2006,3027.8
3/8/2006,3033.26
3/9/2006,3018.75
3/10/2006,3040.8701
3/13/2006,3047.8899
3/14/2006,3079.4299
3/15/2006,3095.26
3/16/2006,3099.6899
3/17/2006,3105.9299
3/20/2006,3101.9399
3/21/2006,3080.6201
3/22/2006,3100.75
3/23/2006,3095.6399
3/24/2006,3102.1001
3/27/2006,3099.3501
3/28/2006,3081.25
3/29/2006,3109.26
3/30/2006,3103.3601
3/31/2006,3095.3
4/3/2006,3097.98
4/4/2006,3115.23
4/5/2006,3129.3999
4/6/2006,3124.72
4/7/2006,3092.72
4/10/2006,3092.8
4/11/2006,3068.22
4/12/2006,3073.8601
4/13/2006,3077.4099
4/17/2006,3068.74
4/18/2006,3124.49
4/19/2006,3134.4399
4/20/2006,3135.98
4/21/2006,3133.5
4/24/2006,3124.24
4/25/2006,3110.27
4/26/2006,3116.6201
4/27/2006,3125.8
4/28/2006,3128.8799
5/1/2006,3115.55
5/2/2006,3132.8101
5/3/2006,3122.9099
5/4/2006,3135.8501
5/5/2006,3168.8501
5/8/2006,3167.72
5/9/2006,3167.54
5/10/2006,3161.72
5/11/2006,3119.3301
5/12/2006,3081.29
5/15/2006,3085.0701
5/16/2006,3080.96
5/17/2006,3029.6899
5/18/2006,3008.7
5/19/2006,3020.6499
5/22/2006,3005.6001
5/23/2006,2992.0601
5/24/2006,2994.77
5/25/2006,3031.71
5/26/2006,3050.3601
5/30/2006,3000.54
5/31/2006,3028.71
6/1/2006,3069.5801
6/2/2006,3075.98
6/5/2006,3017.3999
6/6/2006,3010.48
6/7/2006,2994.2
6/8/2006,2996.3301
6/9/2006,2983.9399
6/12/2006,2940.98
6/13/2006,2908.71
6/14/2006,2922.8899
6/15/2006,2990.3601
6/16/2006,2977.8999
6/19/2006,2947.54
6/20/2006,2945.78
6/21/2006,2978.8799
6/22/2006,2963.6899
6/23/2006,2964.27
6/26/2006,2980.3301
6/27/2006,2951.6399
6/28/2006,2966.27
6/29/2006,3034.99
6/30/2006,3034.0601
7/3/2006,3057.75
7/5/2006,3032.29
7/6/2006,3040.48
7/7/2006,3017.21
7/10/2006,3019.6201
7/11/2006,3031.51
7/12/2006,2996.5901
7/13/2006,2954.8401
7/14/2006,2937.77
7/17/2006,2932.22
7/18/2006,2939.01
7/19/2006,2997.98
7/20/2006,2965.25
7/21/2006,2939
7/24/2006,2991.5801
7/25/2006,3012.98
7/26/2006,3010.23
7/27/2006,2993.8701
7/28/2006,3034.1299
7/31/2006,3031.22
8/1/2006,3013.8401
8/2/2006,3033.53
8/3/2006,3043.05
8/4/2006,3040.4099
8/7/2006,3029.6001
8/8/2006,3016.3101
8/9/2006,3001.51
8/10/2006,3016.4099
8/11/2006,3002
8/14/2006,3006.77
8/15/2006,3051.97
8/16/2006,3079.23
8/17/2006,3084.77
8/18/2006,3094.55
8/21/2006,3080.3401
8/22/2006,3084.4299
8/23/2006,3067.5
8/24/2006,3073.53
8/25/2006,3071.6899
8/28/2006,3090.5601
8/29/2006,3100.26
8/30/2006,3104.97
8/31/2006,3105.3799
9/1/2006,3120.6299
9/5/2006,3128.3301
9/6/2006,3093.74
9/7/2006,3078.05
9/8/2006,3089.0701
9/11/2006,3089.8301
9/12/2006,3127.4099
9/13/2006,3142.04
9/14/2006,3136.75
9/15/2006,3144.4299
9/18/2006,3145.9399
9/19/2006,3138.27
9/20/2006,3157.04
9/21/2006,3138.3601
9/22/2006,3127.4399
9/25/2006,3155.02
9/26/2006,3177.47
9/27/2006,3180.2
9/28/2006,3185.27
9/29/2006,3174.8899
10/2/2006,3162.3701
10/3/2006,3167.3701
10/4/2006,3209.4099
10/5/2006,3223.3999
10/6/2006,3213.72
10/9/2006,3220.25
10/10/2006,3227.02
10/11/2006,3218.1799
10/12/2006,3253.1101
10/13/2006,3261.7
10/16/2006,3272.76
10/17/2006,3258.75
10/18/2006,3262.1101
10/19/2006,3265.45
10/20/2006,3265.4099
10/23/2006,3284.02
10/24/2006,3284.24
10/25/2006,3296.1499
10/26/2006,3316.23
10/27/2006,3287.71
10/30/2006,3291.03
10/31/2006,3289.1799
11/1/2006,3261.1499
11/2/2006,3259.98
11/3/2006,3255.3501
11/6/2006,3293.3301
11/7/2006,3300.53
11/8/2006,3310.3301
11/9/2006,3292.3799
11/10/2006,3301.99
11/13/2006,3311.6101
11/14/2006,3336.3999
11/15/2006,3348.0901
11/16/2006,3354.51
11/17/2006,3356.1399
11/20/2006,3356.52
11/21/2006,3363.3899
11/22/2006,3372.6699
11/24/2006,3362.76
11/27/2006,3311.4099
11/28/2006,3322.9399
11/29/2006,3356.25
11/30/2006,3360.74
12/1/2006,3351.5901
12/4/2006,3385.1001
12/5/2006,3398.29
12/6/2006,3394.71
12/7/2006,3381.2
12/8/2006,3386.52
12/11/2006,3393.49
12/12/2006,3387.05
12/13/2006,3390.54
12/14/2006,3418.52
12/15/2006,3420.46
12/18/2006,3405.5
12/19/2006,3411.76
12/20/2006,3409.4199
12/21/2006,3396.95
12/22/2006,3380.5801
12/26/2006,3396.9199
12/27/2006,3423.01
12/28/2006,3417.48
12/29/2006,3400.99
1/3/2007,3399.3999
1/4/2007,3405.6599
1/5/2007,3381.1899
1/8/2007,3389.6101
1/9/2007,3390.1299
1/10/2007,3398.98
1/11/2007,3424.3
1/12/2007,3442.28
1/16/2007,3443.8301
1/17/2007,3440.1201
1/18/2007,3425.22
1/19/2007,3437.6001
1/22/2007,3418.55
1/23/2007,3432.52
1/24/2007,3463.3101
1/25/2007,3424.7
1/26/2007,3423.46
1/29/2007,3423.8101
1/30/2007,3442.99
1/31/2007,3465.73
2/1/2007,3486.8201
2/2/2007,3493.21
2/5/2007,3490.02
2/6/2007,3495.0701
2/7/2007,3504.6101
2/8/2007,3501.1001
2/9/2007,3474.3601
2/12/2007,3462.2
2/13/2007,3489.8201
2/14/2007,3515.51
2/15/2007,3520.6599
2/16/2007,3519.96
2/20/2007,3534.22
2/21/2007,3531.1101
2/22/2007,3529.1599
2/23/2007,3517.78
2/26/2007,3511.71
2/27/2007,3391.02
2/28/2007,3408.8799
3/1/2007,3399.9399
3/2/2007,3357.3899
3/5/2007,3319.48
3/6/2007,3374.0801
3/7/2007,3366.4199
3/8/2007,3390.6399
3/9/2007,3395.0801
3/12/2007,3405.48
3/13/2007,3336.05
3/14/2007,3357.3301
3/15/2007,3373.4199
3/16/2007,3359.3
3/19/2007,3395.8101
3/20/2007,3418.74
3/21/2007,3476.1899
3/22/2007,3475.6599
3/23/2007,3479.6299
3/26/2007,3481.53
3/27/2007,3459.9099
3/28/2007,3434.9399
3/29/2007,3446
3/30/2007,3444.3601
4/2/2007,3453.6599
4/3/2007,3486.6399
4/4/2007,3490.1699
4/5/2007,3501.9299
4/9/2007,3503.95
4/10/2007,3512.77
4/11/2007,3489.96
4/12/2007,3511.3701
4/13/2007,3524.3301
4/16/2007,3562.3999
4/17/2007,3567.99
4/18/2007,3568.7
4/19/2007,3561.6599
4/20/2007,3594.28
4/23/2007,3587.55
4/24/2007,3585.1799
4/25/2007,3618.8501
4/26/2007,3618.3101
4/27/2007,3615
4/30/2007,3581.95
5/1/2007,3591.0601
5/2/2007,3619.4099
5/3/2007,3634.1001
5/4/2007,3643.25
5/7/2007,3650.6001
5/8/2007,3647.1899
5/9/2007,3661.48
5/10/2007,3609.3401
5/11/2007,3645.1001
5/14/2007,3635.6599
5/15/2007,3626.28
5/16/2007,3656.8201
5/17/2007,3652.4099
5/18/2007,3676.77
5/21/2007,3688.4299
5/22/2007,3690.99
5/23/2007,3684.5901
5/24/2007,3645.4099
5/25/2007,3665.96
5/29/2007,3677.2
5/30/2007,3708.29
5/31/2007,3712.47
6/1/2007,3728.1001
6/4/2007,3735.3201
6/5/2007,3714.3301
6/6/2007,3680.4199
6/7/2007,3614.3999
6/8/2007,3655.25
6/11/2007,3657.22
6/12/2007,3617.9099
6/13/2007,3670.23
6/14/2007,3688.7
6/15/2007,3714.9299
6/18/2007,3709.2
6/19/2007,3715.5901
6/20/2007,3666.1299
6/21/2007,3688.1899
6/22/2007,3641.5601
6/25/2007,3625.9099
6/26/2007,3613.53
6/27/2007,3649.49
6/28/2007,3649.3799
6/29/2007,3642.95
7/2/2007,3683.8799
7/3/2007,3697.6299
7/5/2007,3701.1799
7/6/2007,3715.8999
7/9/2007,3719.48
7/10/2007,3665.8701
7/11/2007,3686.0901
7/12/2007,3753.47
7/13/2007,3765.24
7/16/2007,3754.6299
7/17/2007,3754.5901
7/18/2007,3746.5
7/19/2007,3764.55
7/20/2007,3718.1001
7/23/2007,3731.8999
7/24/2007,3654.5901
7/25/2007,3667.21
7/26/2007,3581.1399
7/27/2007,3525.75
7/30/2007,3561.3999
7/31/2007,3518.72
8/1/2007,3539.26
8/2/2007,3558.47
8/3/2007,3461.8201
8/6/2007,3535.47
8/7/2007,3559.52
8/8/2007,3613.9099
8/9/2007,3514.8601
8/10/2007,3516.6299
8/13/2007,3514.1201
8/14/2007,3449.1699
8/15/2007,3398.0901
8/16/2007,3409.99
8/17/2007,3492.6201
8/20/2007,3495.01
8/21/2007,3500.9299
8/22/2007,3544.3899
8/23/2007,3536.8401
8/24/2007,3579.1299
8/27/2007,3547.7
8/28/2007,3463.71
8/29/2007,3541.1101
8/30/2007,3527.48
8/31/2007,3569.23
9/4/2007,3607.8601
9/5/2007,3569.03
9/6/2007,3583.9199
9/7/2007,3522.77
9/10/2007,3514.2
9/11/2007,3562.3101
9/12/2007,3561.8601
9/13/2007,3588.75
9/14/2007,3592.3201
9/17/2007,3571.55
9/18/2007,3677.8401
9/19/2007,3702.0701
9/20/2007,3677.99
9/21/2007,3694.4199
9/24/2007,3674.46
9/25/2007,3672.52
9/26/2007,3694.51
9/27/2007,3712.1201
9/28/2007,3699.3501
10/1/2007,3751.48
10/2/2007,3754.92
10/3/2007,3737.87
10/4/2007,3745.87
10/5/2007,3787.21
10/8/2007,3774.49
10/9/2007,3804.96
10/10/2007,3800.69
10/11/2007,3778.23
10/12/2007,3797.55
10/15/2007,3764.21
10/16/2007,3738.59
10/17/2007,3745.46
10/18/2007,3743.77
10/19/2007,3647.16
10/22/2007,3664.78
10/23/2007,3697.64
10/24/2007,3686.69
10/25/2007,3680.15
10/26/2007,3730.86
10/29/2007,3745.28
10/30/2007,3720.95
10/31/2007,3767.21
11/1/2007,3667.27
11/2/2007,3670.23
11/5/2007,3648.48
11/6/2007,3693.04
11/7/2007,3588.53
11/8/2007,3589.7
11/9/2007,3539.16
11/12/2007,3500.16
11/13/2007,3600.36
11/14/2007,3576.39
11/15/2007,3531
11/16/2007,3546.08
11/19/2007,3481.51
11/20/2007,3493.25
11/21/2007,3441.06
11/23/2007,3498.33
11/26/2007,3420.41
11/27/2007,3468.17
11/28/2007,3570.34
11/29/2007,3571.31
11/30/2007,3597.62
12/3/2007,3576.41
12/4/2007,3552.66
12/5/2007,3606.88
12/6/2007,3666.02
12/7/2007,3662.64
12/10/2007,3690.62
12/11/2007,3594.6
12/12/2007,3614.62
12/13/2007,3617.71
12/14/2007,3566.67
12/17/2007,3510.95
12/18/2007,3535.44
12/19/2007,3533.47
12/20/2007,3556.43
12/21/2007,3617.35
12/24/2007,3647.59
12/26/2007,3650.8
12/27/2007,3595.64
12/28/2007,3599.22
12/31/2007,3575.85
1/2/2008,3525.74
1/3/2008,3520.24
1/4/2008,3430.02
1/7/2008,3437.45
1/8/2008,3372.5
1/9/2008,3413.81
1/10/2008,3442.76
1/11/2008,3394.22
1/14/2008,3430.32
1/15/2008,3346.26
1/16/2008,3329.97
1/17/2008,3233.24
1/18/2008,3213.76
1/22/2008,3182.06
1/23/2008,3253.13
1/24/2008,3285.58
1/25/2008,3238.63
1/28/2008,3297.95
1/29/2008,3318.83
1/30/2008,3299.18
1/31/2008,3359.11
2/1/2008,3407.43
2/4/2008,3373.08
2/5/2008,3267.58
2/6/2008,3240.49
2/7/2008,3268.22
2/8/2008,3256.65
2/11/2008,3275.47
2/12/2008,3297.36
2/13/2008,3345.58
2/14/2008,3298.61
2/15/2008,3299.15
2/19/2008,3297.67
2/20/2008,3326.45
2/21/2008,3283.18
2/22/2008,3306.49
2/25/2008,3356.27
2/26/2008,3380.57
2/27/2008,3376.18
2/28/2008,3344.68
2/29/2008,3254.78
3/3/2008,3255.7
3/4/2008,3243.11
3/5/2008,3262.12
3/6/2008,3186.88
3/7/2008,3160.09
3/10/2008,3105.91
3/11/2008,3221.8
3/12/2008,3195.07
3/13/2008,3216.97
3/14/2008,3149.92
3/17/2008,3113.6
3/18/2008,3245.56
3/19/2008,3166.24
3/20/2008,3240.21
3/24/2008,3296.06
3/25/2008,3308.08
3/26/2008,3281.18
3/27/2008,3243.52
3/28/2008,3216.41
3/31/2008,3235.49
4/1/2008,3349.09
4/2/2008,3346.33
4/3/2008,3352.5
4/4/2008,3356.5
4/7/2008,3361.4
4/8/2008,3348
4/9/2008,3316.12
4/10/2008,3335.09
4/11/2008,3266.19
4/14/2008,3255.84
4/15/2008,3271.59
4/16/2008,3349.47
4/17/2008,3347.98
4/18/2008,3407.29
4/21/2008,3401.85
4/22/2008,3368.44
4/23/2008,3378.58
4/24/2008,3401.87
4/25/2008,3425.75
4/28/2008,3424.75
4/29/2008,3409.05
4/30/2008,3397.3
5/1/2008,3454.74
5/2/2008,3463.51
5/5/2008,3450.86
5/6/2008,3477.68
5/7/2008,3418.42
5/8/2008,3432.63
5/9/2008,3414.73
5/12/2008,3453.87
5/13/2008,3457.3
5/14/2008,3470.03
5/15/2008,3507.95
5/16/2008,3512.96
5/19/2008,3513.2
5/20/2008,3484.42
5/21/2008,3429.59
5/22/2008,3440.73
5/23/2008,3397.04
5/27/2008,3421.56
5/28/2008,3438.26
5/29/2008,3457.92
5/30/2008,3466.89
6/2/2008,3432.76
6/3/2008,3415.48
6/4/2008,3417.58
6/5/2008,3487.4
6/6/2008,3383.33
6/9/2008,3382.96
6/10/2008,3372.27
6/11/2008,3315.45
6/12/2008,3325.06
6/13/2008,3376.48
6/16/2008,3382.5
6/17/2008,3362.44
6/18/2008,3330.62
6/19/2008,3344.81
6/20/2008,3284.09
6/23/2008,3280.95
6/24/2008,3264.27
6/25/2008,3285.78
6/26/2008,3192.42
6/27/2008,3181.61
6/30/2008,3180.8
7/1/2008,3191.32
7/2/2008,3126.4
7/3/2008,3121.85
7/7/2008,3094.03
7/8/2008,3152.55
7/9/2008,3083.16
7/10/2008,3105.49
7/11/2008,3077.92
7/14/2008,3049.65
7/15/2008,3018.23
7/16/2008,3095.87
7/17/2008,3131.58
7/18/2008,3130.45
7/21/2008,3135.12
7/22/2008,3178.27
7/23/2008,3188.67
7/24/2008,3112.11
7/25/2008,3128.83
7/28/2008,3073.07
7/29/2008,3144.83
7/30/2008,3194.55
7/31/2008,3155.43
8/1/2008,3140.29
8/4/2008,3104.29
8/5/2008,3188.5
8/6/2008,3204.12
8/7/2008,3148.86
8/8/2008,3222.14
8/11/2008,3249.27
8/12/2008,3212.69
8/13/2008,3209.37
8/14/2008,3228.99
8/15/2008,3239.16
8/18/2008,3191.39
8/19/2008,3160.63
8/20/2008,3179.43
8/21/2008,3184.52
8/22/2008,3221.08
8/25/2008,3157.55
8/26/2008,3169.51
8/27/2008,3197.79
8/28/2008,3246.17
8/29/2008,3204.44
9/2/2008,3188.17
9/3/2008,3180.87
9/4/2008,3087.14
9/5/2008,3100.18
9/8/2008,3157.86
9/9/2008,3046.79
9/10/2008,3070.32
9/11/2008,3108.16
9/12/2008,3119.49
9/15/2008,2973.81
9/16/2008,3028.36
9/17/2008,2886.53
9/18/2008,3018.39
9/19/2008,3143.68
9/22/2008,3019.31
9/23/2008,2973.26
9/24/2008,2961.94
9/25/2008,3014.58
9/26/2008,3019.42
9/29/2008,2762.03
9/30/2008,2903.15
10/1/2008,2886.11
10/2/2008,2760.23
10/3/2008,2716.66
10/6/2008,2608.62
10/7/2008,2458.46
10/8/2008,2430.23
10/9/2008,2245.19
10/10/2008,2228.73
10/13/2008,2484.48
10/14/2008,2461.33
10/15/2008,2236.52
10/16/2008,2334.32
10/17/2008,2321.42
10/20/2008,2429.64
10/21/2008,2355.84
10/22/2008,2213.32
10/23/2008,2225.96
10/24/2008,2149.79
10/27/2008,2076.74
10/28/2008,2289.43
10/29/2008,2278.45
10/30/2008,2345.21
10/31/2008,2388.25
11/3/2008,2383.07
11/4/2008,2473.01
11/5/2008,2342.88
11/6/2008,2227.76
11/7/2008,2290.62
11/10/2008,2257.08
11/11/2008,2206.22
11/12/2008,2089.92
11/13/2008,2238.57
11/14/2008,2139.08
11/17/2008,2087.88
11/18/2008,2103.88
11/19/2008,1970.25
11/20/2008,1835.84
11/21/2008,1949.04
11/24/2008,2078.99
11/25/2008,2096.23
11/26/2008,2178.11
11/28/2008,2199.72
12/1/2008,1995.69
12/2/2008,2078.72
12/3/2008,2133.78
12/4/2008,2069.63
12/5/2008,2148.4
12/8/2008,2233.16
12/9/2008,2180.6
12/10/2008,2211.83
12/11/2008,2142.73
12/12/2008,2166.73
12/15/2008,2134.26
12/16/2008,2247.4
12/17/2008,2233.49
12/18/2008,2187.28
12/19/2008,2196.81
12/22/2008,2154.77
12/23/2008,2134.8
12/24/2008,2146.9
12/26/2008,2161.43
12/29/2008,2148.89
12/30/2008,2204.65
12/31/2008,2241.8
1/2/2009,2309.58
1/5/2009,2301.78
1/6/2009,2324.8
1/7/2009,2255.21
1/8/2009,2266.13
1/9/2009,2214.53
1/12/2009,2161.57
1/13/2009,2168.71
1/14/2009,2093.24
1/15/2009,2102.07
1/16/2009,2119.71
1/20/2009,2003.06
1/21/2009,2091.75
1/22/2009,2055.65
1/23/2009,2067.66
1/26/2009,2079.75
1/27/2009,2102.64
1/28/2009,2174.92
1/29/2009,2101.38
1/30/2009,2053.67
2/2/2009,2055.32
2/3/2009,2085.26
2/4/2009,2072.42
2/5/2009,2106.53
2/6/2009,2166.92
2/9/2009,2168.56
2/10/2009,2064.29
2/11/2009,2079.75
2/12/2009,2085.64
2/13/2009,2066.53
2/17/2009,1973.17
2/18/2009,1968.2
2/19/2009,1944.57
2/20/2009,1923.42
2/23/2009,1855.04
2/24/2009,1930.92
2/25/2009,1908.39
2/26/2009,1877.75
2/27/2009,1838.54
3/2/2009,1749.34
3/3/2009,1737.16
3/4/2009,1780.69
3/5/2009,1702.83
3/6/2009,1705.41
3/9/2009,1687.24
3/10/2009,1795.95
3/11/2009,1800.59
3/12/2009,1877.55
3/13/2009,1891.59
3/16/2009,1881.04
3/17/2009,1943.29
3/18/2009,1986.75
3/19/2009,1963.36
3/20/2009,1921.73
3/23/2009,2059.17
3/24/2009,2014.24
3/25/2009,2036.14
3/26/2009,2089.58
3/27/2009,2043.54
3/30/2009,1972.89
3/31/2009,1999.58
4/1/2009,2032.46
4/2/2009,2096.38
4/3/2009,2119.35
4/6/2009,2099.58
4/7/2009,2047.11
4/8/2009,2074.12
4/9/2009,2158.43
4/13/2009,2163.14
4/14/2009,2117.42
4/15/2009,2144.48
4/16/2009,2182.08
4/17/2009,2195.06
4/20/2009,2096.53
4/21/2009,2145.74
4/22/2009,2132.96
4/23/2009,2148.66
4/24/2009,2188.35
4/27/2009,2163.85
4/28/2009,2160.23
4/29/2009,2211.98
4/30/2009,2210
5/1/2009,2220.32
5/4/2009,2298.75
5/5/2009,2289.3
5/6/2009,2325.1
5/7/2009,2289.7
5/8/2009,2349
5/11/2009,2300.23
5/12/2009,2293.85
5/13/2009,2226.29
5/14/2009,2252.07
5/15/2009,2227.51
5/18/2009,2298.96
5/19/2009,2296.48
5/20/2009,2285.2
5/21/2009,2247.02
5/22/2009,2242.8
5/26/2009,2306.51
5/27/2009,2263.56
5/28/2009,2295.55
5/29/2009,2327.94
6/1/2009,2393.05
6/2/2009,2399.42
6/3/2009,2366.15
6/4/2009,2395.3
6/5/2009,2389.83
6/8/2009,2384.39
6/9/2009,2395.53
6/10/2009,2387.09
6/11/2009,2401.84
6/12/2009,2403.65
6/15/2009,2345.22
6/16/2009,2313.82
6/17/2009,2311.57
6/18/2009,2329.56
6/19/2009,2337.86
6/22/2009,2264.06
6/23/2009,2266.99
6/24/2009,2284.26
6/25/2009,2334.8
6/26/2009,2335.33
6/29/2009,2353.62
6/30/2009,2335.85
7/1/2009,2349.35
7/2/2009,2279.27
7/6/2009,2280.96
7/7/2009,2235.43
7/8/2009,2230.8
7/9/2009,2239.01
7/10/2009,2231.6
7/13/2009,2286.44
7/14/2009,2299.8
7/15/2009,2369.62
7/16/2009,2392.27
7/17/2009,2390.21
7/20/2009,2419.78
7/21/2009,2427.2
7/22/2009,2428.26
7/23/2009,2487.15
7/24/2009,2496.34
7/27/2009,2504.04
7/28/2009,2498.15
7/29/2009,2485.36
7/30/2009,2516.54
7/31/2009,2517.67
8/3/2009,2558.61
8/4/2009,2568.29
8/5/2009,2561.06
8/6/2009,2544.39
8/7/2009,2582.85
8/10/2009,2574.45
8/11/2009,2541.53
8/12/2009,2572.74
8/13/2009,2591
8/14/2009,2565.62
8/17/2009,2501.65
8/18/2009,2529.23
8/19/2009,2547.25
8/20/2009,2575.19
8/21/2009,2623.81
8/24/2009,2621.1
8/25/2009,2628.06
8/26/2009,2628.75
8/27/2009,2635.86
8/28/2009,2631.34
8/31/2009,2607.63
9/1/2009,2549.84
9/2/2009,2541.75
9/3/2009,2565.68
9/4/2009,2599.91
9/8/2009,2625.37
9/9/2009,2649.14
9/10/2009,2678.13
9/11/2009,2675.75
9/14/2009,2694.67
9/15/2009,2706.55
9/16/2009,2749.85
9/17/2009,2740.74
9/18/2009,2747.47
9/21/2009,2738.84
9/22/2009,2757.7
9/23/2009,2728.17
9/24/2009,2698.15
9/25/2009,2682.28
9/28/2009,2732.44
9/29/2009,2727.43
9/30/2009,2716.88
10/1/2009,2643.66
10/2/2009,2630.2
10/5/2009,2671.89
10/6/2009,2709.46
10/7/2009,2717.26
10/8/2009,2740.02
10/9/2009,2756.97
10/12/2009,2767.53
10/13/2009,2759.47
10/14/2009,2808.65
10/15/2009,2818.75
10/16/2009,2794.66
10/19/2009,2821.57
10/20/2009,2801.4
10/21/2009,2775.44
10/22/2009,2805.6
10/23/2009,2769.07
10/26/2009,2736.04
10/27/2009,2723.07
10/28/2009,2662.98
10/29/2009,2723.9
10/30/2009,2647
11/2/2009,2662.09
11/3/2009,2674.02
11/4/2009,2673.76
11/5/2009,2729.2
11/6/2009,2734.7
11/9/2009,2796.24
11/10/2009,2794.93
11/11/2009,2810.44
11/12/2009,2778.13
11/13/2009,2795.87
11/16/2009,2840.44
11/17/2009,2842.79
11/18/2009,2840.04
11/19/2009,2798.27
11/20/2009,2789.34
11/23/2009,2826.76
11/24/2009,2824.33
11/25/2009,2837.37
11/27/2009,2786.89
11/30/2009,2797.41
12/1/2009,2833.57
12/2/2009,2838.96
12/3/2009,2814.27
12/4/2009,2835.01
12/7/2009,2829.48
12/8/2009,2801.52
12/9/2009,2810.98
12/10/2009,2825.65
12/11/2009,2838.17
12/14/2009,2862.13
12/15/2009,2847.78
12/16/2009,2854.05
12/17/2009,2821.04
12/18/2009,2838.84
12/21/2009,2869.35
12/22/2009,2882.17
12/23/2009,2892.78
12/24/2009,2908.08
12/28/2009,2910.47
12/29/2009,2906.7
12/30/2009,2907.19
12/31/2009,2877.13
1/4/2010,2925.36
1/5/2010,2933.82
1/6/2010,2937.47
1/7/2010,2949.9
1/8/2010,2959.37
1/11/2010,2963.29
1/12/2010,2933.19
1/13/2010,2959.92
1/14/2010,2967.06
1/15/2010,2934.21
1/19/2010,2971.76
1/20/2010,2940.52
1/21/2010,2887.24
1/22/2010,2824.79
1/25/2010,2836.95
1/26/2010,2824.1
1/27/2010,2837.79
1/28/2010,2802.54
1/29/2010,2773.42
2/1/2010,2813.77
2/2/2010,2849.54
2/3/2010,2834.37
2/4/2010,2744.5
2/5/2010,2752.57
2/8/2010,2729.48
2/9/2010,2765.58
2/10/2010,2760.99
2/11/2010,2791.36
2/12/2010,2789.49
2/16/2010,2840.21
2/17/2010,2853.65
2/18/2010,2872.46
2/19/2010,2879.36
2/22/2010,2876.54
2/23/2010,2840.66
2/24/2010,2868.02
2/25/2010,2864.34
2/26/2010,2867.44
3/1/2010,2901.12
3/2/2010,2911.25
3/3/2010,2912.41
3/4/2010,2922.85
3/5/2010,2965.72
3/8/2010,2966.79
3/9/2010,2972.59
3/10/2010,2988.45
3/11/2010,3000.81
3/12/2010,3000.96
3/15/2010,3000.25
3/16/2010,3024.67
3/17/2010,3042.96
3/18/2010,3039.73
3/19/2010,3021.33
3/22/2010,3040.56
3/23/2010,3064.22
3/24/2010,3046.43
3/25/2010,3037.79
3/26/2010,3039.62
3/29/2010,3058.16
3/30/2010,3059.34
3/31/2010,3048.17
4/1/2010,3071.69
4/5/2010,3101.69
4/6/2010,3108.59
4/7/2010,3092.24
4/8/2010,3100.95
4/9/2010,3122.04
4/12/2010,3127.89
4/13/2010,3131.21
4/14/2010,3169.74
4/15/2010,3172.32
4/16/2010,3123.08
4/19/2010,3131.77
4/20/2010,3160.26
4/21/2010,3160.01
4/22/2010,3172.01
4/23/2010,3196.7
4/26/2010,3183.12
4/27/2010,3108.29
4/28/2010,3126.41
4/29/2010,3170.2
4/30/2010,3113.95
5/3/2010,3157.34
5/4/2010,3078.34
5/5/2010,3054.6
5/6/2010,2954.24
5/7/2010,2902.99
5/10/2010,3034.85
5/11/2010,3029.25
5/12/2010,3078.82
5/13/2010,3043.55
5/14/2010,2983.98
5/17/2010,2987.89
5/18/2010,2944.38
5/19/2010,2926.08
5/20/2010,2808.46
5/21/2010,2851.28
5/24/2010,2815.89
5/25/2010,2816.24
5/26/2010,2805.69
5/27/2010,2902.85
5/28/2010,2867.95
6/1/2010,2812.49
6/2/2010,2887.56
6/3/2010,2902.46
6/4/2010,2797.36
6/7/2010,2754.9
6/8/2010,2780.19
6/9/2010,2767.62
6/10/2010,2851.25
6/11/2010,2868.86
6/14/2010,2866.8
6/15/2010,2934.84
6/16/2010,2931.23
6/17/2010,2933.23
6/18/2010,2936.18
6/21/2010,2922.42
6/22/2010,2872.59
6/23/2010,2864.73
6/24/2010,2815.89
6/25/2010,2827.94
6/28/2010,2821.11
6/29/2010,2729.76
6/30/2010,2703.08
7/1/2010,2692.74
7/2/2010,2678.58
7/6/2010,2686.54
7/7/2010,2774.12
7/8/2010,2801.58
7/9/2010,2824.46
7/12/2010,2821.58
7/13/2010,2871.16
7/14/2010,2869.51
7/15/2010,2870.05
7/16/2010,2784.95
7/19/2010,2801.32
7/20/2010,2835.97
7/21/2010,2798.42
7/22/2010,2865.35
7/23/2010,2894.01
7/26/2010,2930.69
7/27/2010,2924.18
7/28/2010,2900.36
7/29/2010,2889.02
7/30/2010,2890.74
8/2/2010,2952.67
8/3/2010,2936.42
8/4/2010,2957.88
8/5/2010,2951.12
8/6/2010,2940.44
8/9/2010,2958.97
8/10/2010,2935.55
8/11/2010,2850.1
8/12/2010,2835.69
8/13/2010,2822.62
8/16/2010,2825.55
8/17/2010,2863.52
8/18/2010,2869.09
8/19/2010,2818.58
8/20/2010,2809.87
8/23/2010,2795.31
8/24/2010,2754.52
8/25/2010,2767.5
8/26/2010,2746.31
8/27/2010,2796.47
8/30/2010,2753.6
8/31/2010,2754.66
9/1/2010,2838.65
9/2/2010,2866.79
9/3/2010,2905.57
9/7/2010,2869.35
9/8/2010,2888.47
9/9/2010,2900.5
9/10/2010,2913.83
9/13/2010,2951.8
9/14/2010,2949.3
9/15/2010,2960.12
9/16/2010,2957.85
9/17/2010,2962
9/20/2010,3010.08
9/21/2010,3000.54
9/22/2010,2984.05
9/23/2010,2959.37
9/24/2010,3025.63
9/27/2010,3009.98
9/28/2010,3027.46
9/29/2010,3022.66
9/30/2010,3014.75
10/1/2010,3027.92
10/4/2010,3001.95
10/5/2010,3066.02
10/6/2010,3062.04
10/7/2010,3057.61
10/8/2010,3079.36
10/11/2010,3080.39
10/12/2010,3092.35
10/13/2010,3116.86
10/14/2010,3105.55
10/15/2010,3111.08
10/18/2010,3132.5
10/19/2010,3080.48
10/20/2010,3114.51
10/21/2010,3117.63
10/22/2010,3127.6
10/25/2010,3136.48
10/26/2010,3136.45
10/27/2010,3129.27
10/28/2010,3131.04
10/29/2010,3132.55
11/1/2010,3133.71
11/2/2010,3161.81
11/3/2010,3173.13
11/4/2010,3235.83
11/5/2010,3248.97
11/8/2010,3243.95
11/9/2010,3216.89
11/10/2010,3234.89
11/11/2010,3222.68
11/12/2010,3182.05
11/15/2010,3179.7
11/16/2010,3127.53
11/17/2010,3131.24
11/18/2010,3179.8
11/19/2010,3189.84
11/22/2010,3188.87
11/23/2010,3145.14
11/24/2010,3196.03
11/26/2010,3174.15
11/29/2010,3170.28
11/30/2010,3150.64
12/1/2010,3218.71
12/2/2010,3259.07
12/3/2010,3270.62
12/6/2010,3269.14
12/7/2010,3271.22
12/8/2010,3280.56
12/9/2010,3293.01
12/10/2010,3314.95
12/13/2010,3313.03
12/14/2010,3315.59
12/15/2010,3298.66
12/16/2010,3321.68
12/17/2010,3326.7
12/20/2010,3335.3
12/21/2010,3357.8
12/22/2010,3368.49
12/23/2010,3362.97
12/27/2010,3365.67
12/28/2010,3366.11
12/29/2010,3371.81
12/30/2010,3367.89
12/31/2010,3364.22
1/3/2011,3404.4
1/4/2011,3393.6
1/5/2011,3413
1/6/2011,3406.59
1/7/2011,3400.18
1/10/2011,3399.06
1/11/2011,3412.42
1/12/2011,3442.44
1/13/2011,3437.32
1/14/2011,3462.56
1/18/2011,3469.5
1/19/2011,3427.86
1/20/2011,3418.18
1/21/2011,3422.19
1/24/2011,3444.16
1/25/2011,3445.39
1/26/2011,3466.4
1/27/2011,3475.23
1/28/2011,3411.55
1/31/2011,3437.7
2/1/2011,3496.36
2/2/2011,3487.59
2/3/2011,3496.8
2/4/2011,3506.62
2/7/2011,3530.22
2/8/2011,3546.61
2/9/2011,3536.19
2/10/2011,3541.58
2/11/2011,3564.44
2/14/2011,3575.7
2/15/2011,3562.28
2/16/2011,3587.12
2/17/2011,3599.98
2/18/2011,3605.24
2/22/2011,3527.76
2/23/2011,3500.67
2/24/2011,3500.56
2/25/2011,3545.31
2/28/2011,3562.86
3/1/2011,3505.09
3/2/2011,3513.08
3/3/2011,3575.89
3/4/2011,3550.87
3/7/2011,3517.89
3/8/2011,3551.27
3/9/2011,3545.35
3/10/2011,3476.41
3/11/2011,3500.91
3/14/2011,3480.39
3/15/2011,3443.47
3/16/2011,3381.7
3/17/2011,3422.11
3/18/2011,3439.1
3/21/2011,3494.24
3/22/2011,3480.99
3/23/2011,3490.57
3/24/2011,3523.18
3/25/2011,3537.39
3/28/2011,3526.95
3/29/2011,3553.97
3/30/2011,3581.83
3/31/2011,3578.93
4/1/2011,3597.3
4/4/2011,3599.96
4/5/2011,3602.05
4/6/2011,3609.19
4/7/2011,3601.4
4/8/2011,3584.7
4/11/2011,3571.78
4/12/2011,3541.38
4/13/2011,3544.76
4/14/2011,3546.37
4/15/2011,3563.53
4/18/2011,3521.58
4/19/2011,3540.77
4/20/2011,3591.99
4/21/2011,3612.65
4/25/2011,3607.37
4/26/2011,3640.28
4/27/2011,3663.5
4/28/2011,3675.79
4/29/2011,3685.45
5/2/2011,3675.18
5/3/2011,3656.5
5/4/2011,3629.68
5/5/2011,3600.82
5/6/2011,3615.52
5/9/2011,3635.98
5/10/2011,3668.53
5/11/2011,3627.48
5/12/2011,3646.13
5/13/2011,3614.5
5/16/2011,3588.54
5/17/2011,3585.06
5/18/2011,3621.72
5/19/2011,3629.48
5/20/2011,3602.99
5/23/2011,3556.86
5/24/2011,3552.52
5/25/2011,3568.66
5/26/2011,3587.75
5/27/2011,3604.74
5/31/2011,3643.4
6/1/2011,3558.29
6/2/2011,3554.77
6/3/2011,3517.76
6/6/2011,3476.97
6/7/2011,3476.41
6/8/2011,3458.46
6/9/2011,3482.52
6/10/2011,3432.29
6/13/2011,3432.52
6/14/2011,3480.05
6/15/2011,3420.11
6/16/2011,3424.86
6/17/2011,3433.61
6/20/2011,3453.53
6/21/2011,3504.96
6/22/2011,3482.96
6/23/2011,3476.23
6/24/2011,3437.64
6/27/2011,3467.62
6/28/2011,3515.01
6/29/2011,3543.41
6/30/2011,3577.97
7/1/2011,3630.83
7/5/2011,3628.59
7/6/2011,3635.44
7/7/2011,3674.99
7/8/2011,3650.16
7/11/2011,3580.2
7/12/2011,3564.26
7/13/2011,3577.97
7/14/2011,3549.09
7/15/2011,3570.47
7/18/2011,3536.92
7/19/2011,3597.52
7/20/2011,3594.78
7/21/2011,3641.2
7/22/2011,3646.02
7/25/2011,3621.97
7/26/2011,3605.63
7/27/2011,3527.03
7/28/2011,3516.09
7/29/2011,3496.04
8/1/2011,3481.24
8/2/2011,3387.83
8/3/2011,3406.98
8/4/2011,3234.41
8/5/2011,3221.96
8/8/2011,2995.68
8/9/2011,3148.75
8/10/2011,3013.64
8/11/2011,3157.44
8/12/2011,3173.79
8/15/2011,3247.15
8/16/2011,3211.66
8/17/2011,3212.45
8/18/2011,3061.66
8/19/2011,3013.94
8/22/2011,3013.94
8/23/2011,3122.02
8/24/2011,3163.69
8/25/2011,3109.64
8/26/2011,3163.6
8/29/2011,3262
8/30/2011,3272.04
8/31/2011,3286.29
9/1/2011,3242.74
9/2/2011,3156.81
9/6/2011,3134.73
9/7/2011,3231.43
9/8/2011,3194.01
9/9/2011,3107.69
9/12/2011,3129.01
9/13/2011,3163.16
9/14/2011,3208.25
9/15/2011,3261.4
9/16/2011,3276.9
9/19/2011,3242.65
9/20/2011,3229.51
9/21/2011,3132.13
9/22/2011,3029.55
9/23/2011,3051.5
9/26/2011,3120.03
9/27/2011,3157.97
9/28/2011,3084.87
9/29/2011,3110.45
9/30/2011,3031.29
10/3/2011,2933.49
10/4/2011,3012.74
10/5/2011,3068.72
10/6/2011,3129.38
10/7/2011,3097.07
10/10/2011,3205.44
10/11/2011,3208.59
10/12/2011,3243.07
10/13/2011,3235.56
10/14/2011,3292.8
10/17/2011,3223.67
10/18/2011,3292.8
10/19/2011,3248.34
10/20/2011,3262.45
10/21/2011,3325.77
10/24/2011,3379.35
10/25/2011,3307.8
10/26/2011,3345.46
10/27/2011,3466.18
10/28/2011,3465.74
10/31/2011,3380.17
11/1/2011,3282.43
11/2/2011,3339.03
11/3/2011,3405.11
11/4/2011,3386.65
11/7/2011,3403.32
11/8/2011,3444.42
11/9/2011,3313.85
11/10/2011,3341.26
11/11/2011,3408.79
11/14/2011,3375.6
11/15/2011,3395.57
11/16/2011,3340.46
11/17/2011,3284.13
11/18/2011,3282.79
11/21/2011,3221.5
11/22/2011,3207.19
11/23/2011,3133.08
11/25/2011,3122.9
11/28/2011,3220.08
11/29/2011,3226.23
11/30/2011,3371.03
12/1/2011,3362.66
12/2/2011,3364.43
12/5/2011,3401.04
12/6/2011,3402.63
12/7/2011,3408.19
12/8/2011,3331.72
12/9/2011,3392.86
12/12/2011,3341.46
12/13/2011,3306.97
12/14/2011,3267.41
12/15/2011,3281.4
12/16/2011,3296.02
12/19/2011,3253.59
12/20/2011,3355.04
12/21/2011,3362.07
12/22/2011,3391.19
12/23/2011,3419.47
12/27/2011,3421.56
12/28/2011,3375.41
12/29/2011,3412.88
12/30/2011,3398.74
1/3/2012,3449.92
1/4/2012,3448.56
1/5/2012,3461.77
1/6/2012,3455.15
1/9/2012,3464.75
1/10/2012,3498.45
1/11/2012,3502.39
1/12/2012,3511.97
1/13/2012,3493.24
1/17/2012,3504.79
1/18/2012,3547.64
1/19/2012,3566.08
1/20/2012,3568.3
1/23/2012,3569.09
1/24/2012,3569.62
1/25/2012,3603.11
1/26/2012,3583.35
1/27/2012,3583.15
1/30/2012,3571.83
1/31/2012,3570.25
2/1/2012,3609.38
2/2/2012,3615.11
2/3/2012,3671.58
2/6/2012,3669.4
2/7/2012,3675.46
2/8/2012,3683.94
2/9/2012,3688.74
2/10/2012,3660.06
2/13/2012,3688.58
2/14/2012,3684.22
2/15/2012,3666.3
2/16/2012,3711.44
2/17/2012,3717.21
2/21/2012,3715.83
2/22/2012,3702.04
2/23/2012,3723.32
2/24/2012,3728.46
2/27/2012,3732.76
2/28/2012,3741.94
2/29/2012,3721.28
3/1/2012,3745.22
3/2/2012,3728.23
3/5/2012,3714.42
3/6/2012,3654.12
3/7/2012,3683.01
3/8/2012,3721.27
3/9/2012,3739.11
3/12/2012,3737.02
3/13/2012,3807.17
3/14/2012,3798.38
3/15/2012,3823.11
3/16/2012,3825.96
3/19/2012,3842.15
3/20/2012,3826.78
3/21/2012,3821.63
3/22/2012,3792.01
3/23/2012,3807.14
3/26/2012,3861.58
3/27/2012,3849.06
3/28/2012,3830.07
3/29/2012,3824.43
3/30/2012,3836.07
4/2/2012,3866.13
4/3/2012,3852.68
4/4/2012,3809.99
4/5/2012,3807.68
4/9/2012,3762.18
4/10/2012,3693.23
4/11/2012,3725.22
4/12/2012,3778.8
4/13/2012,3731.64
4/16/2012,3730.08
4/17/2012,3787.59
4/18/2012,3771.4
4/19/2012,3751.15
4/20/2012,3756.8
4/23/2012,3722.4
4/24/2012,3735.95
4/25/2012,3790.02
4/26/2012,3816.58
4/27/2012,3828.84
4/30/2012,3810.91
5/1/2012,3829.89
5/2/2012,3823.81
5/3/2012,3789.7
5/4/2012,3728.32
5/7/2012,3730.68
5/8/2012,3716.23
5/9/2012,3693.67
5/10/2012,3703.97
5/11/2012,3693.8
5/14/2012,3651.49
5/15/2012,3632.21
5/16/2012,3615.74
5/17/2012,3554.7
5/18/2012,3525.95
5/21/2012,3587.65
5/22/2012,3588.22
5/23/2012,3597.06
5/24/2012,3602.66
5/25/2012,3596.07
5/29/2012,3638.04
5/30/2012,3583.14
5/31/2012,3575.33
6/1/2012,3483.2
6/4/2012,3480.95
6/5/2012,3505.68
6/6/2012,3587.87
6/7/2012,3583.79
6/8/2012,3613.5
6/11/2012,3562.35
6/12/2012,3604.19
6/13/2012,3576.56
6/14/2012,3614.44
6/15/2012,3651.87
6/18/2012,3659.74
6/19/2012,3698.73
6/20/2012,3692.86
6/21/2012,3608.88
6/22/2012,3635.99
6/25/2012,3577.12
6/26/2012,3595.05
6/27/2012,3629.18
6/28/2012,3622.87
6/29/2012,3715.35
7/2/2012,3728.72
7/3/2012,3756.68
7/5/2012,3741.89
7/6/2012,3705.78
7/9/2012,3698.21
7/10/2012,3665.91
7/11/2012,3663.62
7/12/2012,3646.84
7/13/2012,3705.61
7/16/2012,3695.23
7/17/2012,3720.99
7/18/2012,3745.79
7/19/2012,3754.5
7/20/2012,3715.48
7/23/2012,3678.99
7/24/2012,3643.12
7/25/2012,3644.03
7/26/2012,3700.87
7/27/2012,3773.57
7/30/2012,3769.23
7/31/2012,3752.15
8/1/2012,3734.69
8/2/2012,3709.35
8/3/2012,3782.08
8/6/2012,3793.47
8/7/2012,3815.56
8/8/2012,3818.31
8/9/2012,3823.11
8/10/2012,3830.19
8/13/2012,3825.32
8/14/2012,3824.16
8/15/2012,3833.99
8/16/2012,3863.1
8/17/2012,3872.76
8/20/2012,3870.62
8/21/2012,3859.45
8/22/2012,3859.26
8/23/2012,3829.27
8/24/2012,3852.45
8/27/2012,3850.65
8/28/2012,3851.08
8/29/2012,3856.38
8/30/2012,3826.34
8/31/2012,3845.8
9/4/2012,3848.53
9/5/2012,3845.66
9/6/2012,3924.47
9/7/2012,3941.99
9/10/2012,3919.25
9/11/2012,3931.01
9/12/2012,3941.54
9/13/2012,4002.74
9/14/2012,4023.84
9/17/2012,4007.23
9/18/2012,4000.46
9/19/2012,4005.92
9/20/2012,4000.27
9/21/2012,4001.87
9/24/2012,3991.31
9/25/2012,3946.57
9/26/2012,3924.83
9/27/2012,3964.01
9/28/2012,3946.79
10/1/2012,3955.86
10/2/2012,3960.76
10/3/2012,3973.91
10/4/2012,4002.52
10/5/2012,4002.3
10/8/2012,3987.68
10/9/2012,3947.22
10/10/2012,3924.75
10/11/2012,3929.1
10/12/2012,3914.92
10/15/2012,3945.57
10/16/2012,3985.68
10/17/2012,4004.41
10/18/2012,3994.85
10/19/2012,3929.38
10/22/2012,3929.72
10/23/2012,3878.45
10/24/2012,3866.74
10/25/2012,3877.88
10/26/2012,3873.16
10/29/2012,3873.16
10/30/2012,3873.16
10/31/2012,3878.72
11/1/2012,3925.3
11/2/2012,3885.77
11/5/2012,3896.3
11/6/2012,3927.07
11/7/2012,3838.09
11/8/2012,3790.94
11/9/2012,3797.24
11/12/2012,3797.05
11/13/2012,3782.65
11/14/2012,3728.25
11/15/2012,3720.84
11/16/2012,3742.24
11/19/2012,3816.42
11/20/2012,3820.49
11/21/2012,3831.17
11/23/2012,3880.23
11/26/2012,3874.14
11/27/2012,3856.66
11/28/2012,3887.11
11/29/2012,3907.61
11/30/2012,3908.75
12/3/2012,3891.58
12/4/2012,3886.11
12/5/2012,3892.37
12/6/2012,3905.89
12/7/2012,3916.61
12/10/2012,3920.91
12/11/2012,3946.85
12/12/2012,3946.87
12/13/2012,3923.17
12/14/2012,3908.77
12/17/2012,3954.4
12/18/2012,4001.53
12/19/2012,3976.88
12/20/2012,3998.95
12/21/2012,3963.21
12/24/2012,3954.03
12/26/2012,3933.26
12/27/2012,3929.75
12/28/2012,3889.9
12/31/2012,3956.65
1/2/2013,4058.13
1/3/2013,4052.24
1/4/2013,4074.23
1/7/2013,4061.66
1/8/2013,4051.04
1/9/2013,4064.49
1/10/2013,4091.41
1/11/2013,4092.09
1/14/2013,4089.45
1/15/2013,4097.15
1/16/2013,4095.8
1/17/2013,4120.8
1/18/2013,4134.14
1/22/2013,4154.46
1/23/2013,4158.59
1/24/2013,4162.11
1/25/2013,4186.68
1/28/2013,4179.75
1/29/2013,4196.91
1/30/2013,4179.05
1/31/2013,4173.76
2/1/2013,4215.08
2/4/2013,4166.87
2/5/2013,4209.76
2/6/2013,4215.24
2/7/2013,4208.29
2/8/2013,4232.91
2/11/2013,4229.81
2/12/2013,4238.4
2/13/2013,4243.93
2/14/2013,4248.27
2/15/2013,4244.64
2/19/2013,4276.12
2/20/2013,4219.13
2/21/2013,4190.35
2/22/2013,4229.3
2/25/2013,4151.61
2/26/2013,4176.97
2/27/2013,4231.16
2/28/2013,4229.07
3/1/2013,4237.78
3/4/2013,4256.68
3/5/2013,4299.2
3/6/2013,4306.01
3/7/2013,4315.94
3/8/2013,4338.18
3/11/2013,4350.82
3/12/2013,4340.88
3/13/2013,4349.88
3/14/2013,4376.02
3/15/2013,4368.75
3/18/2013,4345.58
3/19/2013,4334
3/20/2013,4365.7
3/21/2013,4329.73
3/22/2013,4357.44
3/25/2013,4344.08
3/26/2013,4377.25
3/27/2013,4376.75
3/28/2013,4394.79
4/1/2013,4370.52
4/2/2013,4385.5
4/3/2013,4335.85
4/4/2013,4355.19
4/5/2013,4338.18
4/8/2013,4368.56
4/9/2013,4380.92
4/10/2013,4436.49
4/11/2013,4452.68
4/12/2013,4439.84
4/15/2013,4329.28
4/16/2013,4393.03
4/17/2013,4328.95
4/18/2013,4300.29
4/19/2013,4341.34
4/22/2013,4360.19
4/23/2013,4407.45
4/24/2013,4410.52
4/25/2013,4430.27
4/26/2013,4420.59
4/29/2013,4452.46
4/30/2013,4466.73
5/1/2013,4418.11
5/2/2013,4461.68
5/3/2013,4509.47
5/6/2013,4520.77
5/7/2013,4546.52
5/8/2013,4567.43
5/9/2013,4552.19
5/10/2013,4574.62
5/13/2013,4573.77
5/14/2013,4622.01
5/15/2013,4645.42
5/16/2013,4622.37
5/17/2013,4669.46
5/20/2013,4667.5
5/21/2013,4675.51
5/22/2013,4630.8
5/23/2013,4620.11
5/24/2013,4616.48
5/28/2013,4648.17
5/29/2013,4613.95
5/30/2013,4634.45
5/31/2013,4572.1
6/3/2013,4595.08
6/4/2013,4568.67
6/5/2013,4506.37
6/6/2013,4547.78
6/7/2013,4603.94
6/10/2013,4604.44
6/11/2013,4556.71
6/12/2013,4518.92
6/13/2013,4588.35
6/14/2013,4562.56
6/17/2013,4595.54
6/18/2013,4632.67
6/19/2013,4568.92
6/20/2013,4453.86
6/21/2013,4463.36
6/24/2013,4409.27
6/25/2013,4453.23
6/26/2013,4494.73
6/27/2013,4529.93
6/28/2013,4512.8
7/1/2013,4543.36
7/2/2013,4540.94
7/3/2013,4544.87
7/5/2013,4592.92
7/8/2013,4616.13
7/9/2013,4651.27
7/10/2013,4653.85
7/11/2013,4717.35
7/12/2013,4732.32
7/15/2013,4741.58
7/16/2013,4722.04
7/17/2013,4737.04
7/18/2013,4763.17
7/19/2013,4768.77
7/22/2013,4779.96
7/23/2013,4772.09
7/24/2013,4750.81
7/25/2013,4770.15
7/26/2013,4770.89
7/29/2013,4752.44
7/30/2013,4757.91
7/31/2013,4760.14
8/1/2013,4823.81
8/2/2013,4830.77
8/5/2013,4826.77
8/6/2013,4794.61
8/7/2013,4775.13
8/8/2013,4796.58
8/9/2013,4783.59
8/12/2013,4781.42
8/13/2013,4790.65
8/14/2013,4767.03
8/15/2013,4697.03
8/16/2013,4682.26
8/19/2013,4652.45
8/20/2013,4678.85
8/21/2013,4652.05
8/22/2013,4695.61
8/23/2013,4714.77
8/26/2013,4700.5
8/27/2013,4620.33
8/28/2013,4634.22
8/29/2013,4649.6
8/30/2013,4627.26
9/3/2013,4646.54
9/4/2013,4685.35
9/5/2013,4692.92
9/6/2013,4695.59
9/9/2013,4747.34
9/10/2013,4783.73
9/11/2013,4797.89
9/12/2013,4781.76
9/13/2013,4795.29
9/16/2013,4820.04
9/17/2013,4845.04
9/18/2013,4901.93
9/19/2013,4895.13
9/20/2013,4861.61
9/23/2013,4839.88
9/24/2013,4832.59
9/25/2013,4822.6
9/26/2013,4842.53
9/27/2013,4824
9/30/2013,4799.28
10/1/2013,4843.27
10/2/2013,4838.73
10/3/2013,4794.47
10/4/2013,4829.08
10/7/2013,4785.78
10/8/2013,4721.91
10/9/2013,4720.09
10/10/2013,4825.61
10/11/2013,4859.95
10/14/2013,4880.19
10/15/2013,4844.78
10/16/2013,4911.52
10/17/2013,4947.53
10/18/2013,4982.27
10/21/2013,4981.52
10/22/2013,5008.15
10/23/2013,4983.55
10/24/2013,5002.6
10/25/2013,5021.01
10/28/2013,5024.42
10/29/2013,5049.9
10/30/2013,5020.49
10/31/2013,5003.14
11/1/2013,5014.15
11/4/2013,5036.5
11/5/2013,5022.19
11/6/2013,5038.19
11/7/2013,4967.06
11/8/2013,5035.01
11/11/2013,5040.28
11/12/2013,5030.67
11/13/2013,5075.4
11/14/2013,5098.19
11/15/2013,5119.95
11/18/2013,5094.94
11/19/2013,5080.93
11/20/2013,5063.66
11/21/2013,5111.12
11/22/2013,5136.65
11/25/2013,5129.49
11/26/2013,5135.92
11/27/2013,5151.58
11/29/2013,5148.34
12/2/2013,5131.71
12/3/2013,5114.74
12/4/2013,5110.1
12/5/2013,5092.92
12/6/2013,5145.73
12/9/2013,5154.35
12/10/2013,5137.25
12/11/2013,5075.3
12/12/2013,5063.09
12/13/2013,5066.93
12/16/2013,5101
12/17/2013,5088.19
12/18/2013,5168.42
12/19/2013,5160.69
12/20/2013,5194.59
12/23/2013,5225.57
12/24/2013,5242.67
12/26/2013,5264.15
12/27/2013,5262.62
12/30/2013,5262.98
1/2/2014,5237.11
1/3/2014,5239.09
1/6/2014,5222.24
1/7/2014,5257
1/8/2014,5258.77
1/9/2014,5260.98
1/10/2014,5277.08
1/13/2014,5210.13
1/14/2014,5268.94
1/15/2014,5296.84
1/16/2014,5291.85
1/17/2014,5271.42
1/21/2014,5288.3
1/22/2014,5296.11
1/23/2014,5250.56
1/24/2014,5137.33
1/27/2014,5105.86
1/28/2014,5141.81
1/29/2014,5088.15
1/30/2014,5149.46
1/31/2014,5117.22
2/3/2014,4992.87
2/4/2014,5033.17
2/5/2014,5021.88
2/6/2014,5085.18
2/7/2014,5151.15
2/10/2014,5160.54
2/11/2014,5216.11
2/12/2014,5221.28
2/13/2014,5257.19
2/14/2014,5280.04
2/18/2014,5295.12
2/19/2014,5259.15
2/20/2014,5295.7
2/21/2014,5289.34
2/24/2014,5323.05
2/25/2014,5317.1
2/26/2014,5322.55
2/27/2014,5349.87
2/28/2014,5359.96
3/3/2014,5321.89
3/4/2014,5408.32
3/5/2014,5407.03
3/6/2014,5415.01
3/7/2014,5416.37
3/10/2014,5410.32
3/11/2014,5380.11
3/12/2014,5385.93
3/13/2014,5322.83
3/14/2014,5314.54
3/17/2014,5361.73
3/18/2014,5405.03
3/19/2014,5370.88
3/20/2014,5399.14
3/21/2014,5382.35
3/24/2014,5350.01
3/25/2014,5368.96
3/26/2014,5323.35
3/27/2014,5314.17
3/28/2014,5337.87
3/31/2014,5388.41
4/1/2014,5431.97
4/2/2014,5448.27
4/3/2014,5434.85
4/4/2014,5359.68
4/7/2014,5295.82
4/8/2014,5320.49
4/9/2014,5381.86
4/10/2014,5265.06
4/11/2014,5211.12
4/14/2014,5249.33
4/15/2014,5282.85
4/16/2014,5340.21
4/17/2014,5350.21
4/21/2014,5371
4/22/2014,5399.53
4/23/2014,5385
4/24/2014,5391.44
4/25/2014,5339.88
4/28/2014,5349.33
4/29/2014,5375.81
4/30/2014,5394.95
5/1/2014,5397.24
5/2/2014,5393.3
5/5/2014,5401.84
5/6/2014,5350.57
5/7/2014,5378.43
5/8/2014,5365.88
5/9/2014,5378.02
5/12/2014,5438.32
5/13/2014,5435.05
5/14/2014,5404.89
5/15/2014,5357.51
5/16/2014,5378.34
5/19/2014,5403.52
5/20/2014,5363.26
5/21/2014,5405.42
5/22/2014,5423.14
5/23/2014,5450.1
5/27/2014,5486.19
5/28/2014,5478.92
5/29/2014,5507.69
5/30/2014,5512.67
6/2/2014,5516.72
6/3/2014,5514.13
6/4/2014,5527.86
6/5/2014,5570.86
6/6/2014,5599.62
6/9/2014,5608.71
6/10/2014,5605.17
6/11/2014,5586.05
6/12/2014,5548.74
6/13/2014,5566.33
6/16/2014,5572.01
6/17/2014,5589.37
6/18/2014,5630.19
6/19/2014,5638.04
6/20/2014,5649.23
6/23/2014,5647.44
6/24/2014,5608.77
6/25/2014,5638.26
6/26/2014,5632.67
6/27/2014,5647.92
6/30/2014,5650.94
7/1/2014,5692.04
7/2/2014,5689.61
7/3/2014,5720.69
7/7/2014,5687.67
7/8/2014,5643.81
7/9/2014,5668.7
7/10/2014,5642.81
7/11/2014,5649
7/14/2014,5676.13
7/15/2014,5659.51
7/16/2014,5678.77
7/17/2014,5611.1
7/18/2014,5672.66
7/21/2014,5658.8
7/22/2014,5689.04
7/23/2014,5699.45
7/24/2014,5701.75
7/25/2014,5671.65
7/28/2014,5669.33
7/29/2014,5647.53
7/30/2014,5652.77
7/31/2014,5539.46
8/1/2014,5523.67
8/4/2014,5563.46
8/5/2014,5515.49
8/6/2014,5517.01
8/7/2014,5489.04
8/8/2014,5550.48
8/11/2014,5571.57
8/12/2014,5558.58
8/13/2014,5599.04
8/14/2014,5622.94
8/15/2014,5623.28
8/18/2014,5675.75
8/19/2014,5703.58
8/20/2014,5715.19
8/21/2014,5730.28
8/22/2014,5722.49
8/25/2014,5749.14
8/26/2014,5759.85
8/27/2014,5759.95
8/28/2014,5749.14
8/29/2014,5771.87
9/2/2014,5774.28
9/3/2014,5766.86
9/4/2014,5755.53
9/5/2014,5783.23
9/8/2014,5770.78
9/9/2014,5729.73
9/10/2014,5751.58
9/11/2014,5761.76
9/12/2014,5723.98
9/15/2014,5709.31
9/16/2014,5750.48
9/17/2014,5758.59
9/18/2014,5785.4
9/19/2014,5775.62
9/22/2014,5720.95
9/23/2014,5685.86
9/24/2014,5729.91
9/25/2014,5638.85
9/26/2014,5687.85
9/29/2014,5674.94
9/30/2014,5651.56
10/1/2014,5575.44
10/2/2014,5581.09
10/3/2014,5641.76
10/6/2014,5628.94
10/7/2014,5542.39
10/8/2014,5638.09
10/9/2014,5518.23
10/10/2014,5448.79
10/13/2014,5362.7
10/14/2014,5378.92
10/15/2014,5348.64
10/16/2014,5361.08
10/17/2014,5422.05
10/20/2014,5473.7
10/21/2014,5582.93
10/22/2014,5536.92
10/23/2014,5608.2
10/24/2014,5644.76
10/27/2014,5635.64
10/28/2014,5712.04
10/29/2014,5702.05
10/30/2014,5737.31
10/31/2014,5807.05
11/3/2014,5806.57
11/4/2014,5786.61
11/5/2014,5815.48
11/6/2014,5841.85
11/7/2014,5845.5
11/10/2014,5864.97
11/11/2014,5869.03
11/12/2014,5870.89
11/13/2014,5867.97
11/14/2014,5869.81
11/17/2014,5868.39
11/18/2014,5900.74
11/19/2014,5886.78
11/20/2014,5904.69
11/21/2014,5934.16
11/24/2014,5957.36
11/25/2014,5952.51
11/26/2014,5969.85
11/28/2014,5947.78
12/1/2014,5897.86
12/2/2014,5936.17
12/3/2014,5964.99
12/4/2014,5956.79
12/5/2014,5970.04
12/8/2014,5923.78
12/9/2014,5931.57
12/10/2014,5830.89
12/11/2014,5858.65
12/12/2014,5767.6
12/15/2014,5728.22
12/16/2014,5684.16
12/17/2014,5806.11
12/18/2014,5938.97
12/19/2014,5966.06
12/22/2014,5989.49
12/23/2014,6000.44
12/24/2014,6003.03
12/26/2014,6025.41
12/29/2014,6034.34
12/30/2014,6006.12
1/2/2015,5944.42
1/5/2015,5839.11
1/6/2015,5783.21
1/7/2015,5852.48
1/8/2015,5955.94
1/9/2015,5906.45
1/12/2015,5862.04
1/13/2015,5850.84
1/14/2015,5818.2
1/15/2015,5759.21
1/16/2015,5838.66
1/20/2015,5842.97
1/21/2015,5868.55
1/22/2015,5961.93
1/23/2015,5933.27
1/26/2015,5958.1
1/27/2015,5886.54
1/28/2015,5805.87
1/29/2015,5861.32
2/2/2015,5852.26
2/3/2015,5939.31
2/4/2015,5917.43
2/5/2015,5982.43
2/6/2015,5963.86
2/9/2015,5936.03
2/10/2015,5996.28
2/11/2015,5998.07
2/12/2015,6058.99
2/13/2015,6086.33
2/17/2015,6096.11
2/18/2015,6099.11
2/19/2015,6094.52
2/20/2015,6132.3
2/23/2015,6130.22
2/24/2015,6145.04
2/25/2015,6144.14
2/26/2015,6137.29
2/27/2015,6116.97
3/2/2015,6156.12
3/3/2015,6128.91
3/4/2015,6103.17
3/5/2015,6112.64
3/6/2015,6028.25
3/9/2015,6052.11
3/10/2015,5954.94
3/11/2015,5953.28
3/12/2015,6030.94
3/13/2015,5996.73
3/16/2015,6072.05
3/17/2015,6058.65
3/18/2015,6129.21
3/19/2015,6105.21
3/20/2015,6159.35
3/23/2015,6147.96
3/24/2015,6114.62
3/25/2015,6020.29
3/26/2015,6007.07
3/27/2015,6027.31
3/30/2015,6102.66
3/31/2015,6054.78
4/1/2015,6032.74
4/2/2015,6054.72
4/6/2015,6093.72
4/7/2015,6077.58
4/8/2015,6099.96
4/9/2015,6120.85
4/10/2015,6150.7
4/13/2015,6126.13
4/14/2015,6134.25
4/15/2015,6167
4/16/2015,6162.28
4/17/2015,6089.6
4/20/2015,6144.72
4/21/2015,6138.29
4/22/2015,6166.49
4/23/2015,6183.94
4/24/2015,6191.61
4/27/2015,6160.49
4/28/2015,6176.7
4/29/2015,6150.69
4/30/2015,6082.17
5/1/2015,6144.14
5/4/2015,6162.81
5/5/2015,6088.1
5/6/2015,6069.14
5/7/2015,6094.58
5/8/2015,6170.82
5/11/2015,6145.39
5/12/2015,6128.78
5/13/2015,6128.3
5/14/2015,6193.45
5/15/2015,6199.14
5/18/2015,6224.48
5/19/2015,6220.13
5/20/2015,6216.55
5/21/2015,6230.14
5/22/2015,6216.53
5/26/2015,6153.26
5/27/2015,6210.5
5/28/2015,6203.61
5/29/2015,6166.3
6/1/2015,6179.4
6/2/2015,6175.65
6/3/2015,6194.88
6/4/2015,6141.13
6/5/2015,6140
6/8/2015,6100.59
6/9/2015,6100.28
6/10/2015,6173.36
6/11/2015,6188.04
6/12/2015,6148.77
6/15/2015,6120.71
6/16/2015,6155.54
6/17/2015,6166.2
6/18/2015,6228.81
6/19/2015,6200.68
6/22/2015,6237.06
6/23/2015,6243
6/24/2015,6194.04
6/25/2015,6177.23
6/26/2015,6174.84
6/29/2015,6043.29
6/30/2015,6063.13
7/1/2015,6101.79
7/2/2015,6096.6
7/3/2015,6096.58
7/6/2015,6075.43
7/7/2015,6109.13
7/8/2015,6008.73
7/9/2015,6023.66
7/10/2015,6098.11
7/13/2015,6164.66
7/14/2015,6194.17
7/15/2015,6183.18
7/16/2015,6229.82
7/17/2015,6230.58
7/20/2015,6231.22
7/21/2015,6203.13
7/22/2015,6193.25
7/23/2015,6156.85
7/24/2015,6090.58
7/27/2015,6050.02
7/28/2015,6123.15
7/29/2015,6168.5
7/30/2015,6172.09
7/31/2015,6164.54
8/3/2015,6145.46
8/4/2015,6133.21
8/5/2015,6153.77
8/6/2015,6102.66
8/7/2015,6084.03
8/10/2015,6162.41
8/11/2015,6105.2
8/12/2015,6109.68
8/13/2015,6102.49
8/14/2015,6128.1
8/17/2015,6166.35
8/18/2015,6147.08
8/19/2015,6094.9
8/20/2015,5960.64
8/21/2015,5785.43
8/24/2015,5557.22
8/25/2015,5488.5
8/26/2015,5688.9
8/27/2015,5826.61
8/28/2015,5838.38
8/31/2015,5792.39
9/1/2015,5624.57
9/2/2015,5725.76
9/3/2015,5733.59
9/4/2015,5652.08
9/8/2015,5791.85
9/9/2015,5714.35
9/10/2015,5742.35
9/11/2015,5769.7
9/14/2015,5746.83
9/15/2015,5818.2
9/16/2015,5869.06
9/17/2015,5860.93
9/18/2015,5768.42
9/21/2015,5789.1
9/22/2015,5714.83
9/23/2015,5701.56
9/24/2015,5680.59
9/25/2015,5669.41
9/28/2015,5519.69
9/29/2015,5520.89
9/30/2015,5623.6
10/1/2015,5632.08
10/2/2015,5715.55
10/5/2015,5822.71
10/6/2015,5798.44
10/7/2015,5852.96
10/8/2015,5904.31
10/9/2015,5910.17
10/12/2015,5914.24
10/13/2015,5869.35
10/14/2015,5839.2
10/15/2015,5929.54
10/16/2015,5951.75
10/19/2015,5954.34
10/20/2015,5946.35
10/21/2015,5903.86
10/22/2015,5992.42
10/23/2015,6054.5
10/26/2015,6041.89
10/27/2015,6019.51
10/28/2015,6103.12
10/29/2015,6092.87
10/30/2015,6067.78
11/2/2015,6145.96
11/3/2015,6162.29
11/4/2015,6144.94
11/5/2015,6139.01
11/6/2015,6140.8
11/9/2015,6080.79
11/10/2015,6092.53
11/11/2015,6068.35
11/12/2015,5980.06
11/13/2015,5917.8
11/16/2015,6001.16
11/17/2015,5993.41
11/18/2015,6090.68
11/19/2015,6082.26
11/20/2015,6106.72
11/23/2015,6103.96
11/24/2015,6116.4
11/25/2015,6122.25
11/27/2015,6129.5
11/30/2015,6101.42
12/1/2015,6162.61
12/2/2015,6096.9
12/3/2015,6007.2
12/4/2015,6119.97
12/7/2015,6069.66
12/8/2015,6032.24
12/9/2015,5982.97
12/10/2015,5998.19
12/11/2015,5881.47
12/14/2015,5898.24
12/15/2015,5963.51
12/16/2015,5963.02
12/17/2015,5963.02
12/18/2015,5863.28
12/21/2015,5906.76
12/22/2015,5958.88
12/23/2015,6035.1
12/24/2015,6028.14
12/28/2015,6076.04
12/29/2015,6076.04
12/30/2015,6031.66
12/31/2015,5976.18
1/4/2016,5883.32
1/5/2016,5893.74
1/6/2016,5815.73
1/7/2016,5674.51
1/8/2016,5609.9
1/11/2016,5608.61
1/12/2016,5647.01
1/13/2016,5500.56
1/14/2016,5588.05
1/15/2016,5470.88
1/19/2016,5462.73
1/20/2016,5408
1/21/2016,5431.18
1/22/2016,5545.89
1/25/2016,5453.7
1/26/2016,5537.13
1/27/2016,5474.27
1/28/2016,5496.86
1/29/2016,5638.98
2/1/2016,5637.29
2/2/2016,5527.07
2/3/2016,5555.89
2/4/2016,5570.62
2/5/2016,5457.17
2/8/2016,5371.68
2/9/2016,5364.61
2/10/2016,5367.22
2/11/2016,5301.37
2/12/2016,5405.8
2/16/2016,5503.52
2/17/2016,5596.91
2/18/2016,5571.08
2/19/2016,5573.89
2/22/2016,5654.25
2/23/2016,5586.89
2/24/2016,5615.2
2/25/2016,5679.95
2/26/2016,5677.8
2/29/2016,5637.16
3/1/2016,5768.91
3/2/2016,5799.07
3/3/2016,5827.2
3/4/2016,5849.22
3/7/2016,5861.65
3/8/2016,5785.8
3/9/2016,5815.66
3/10/2016,5810.96
3/11/2016,5913.02
3/14/2016,5904.2
3/15/2016,5882.99
3/16/2016,5920.14
3/17/2016,5965.01
3/18/2016,5994.09
3/21/2016,5998.97
3/22/2016,5995.97
3/23/2016,5946.89
3/24/2016,5947.37
3/28/2016,6016.24
3/29/2016,6016.24
3/30/2016,6040.28
3/31/2016,6034.05
4/1/2016,6069.58
4/4/2016,6046.92
4/5/2016,5986.05
4/6/2016,6052.28
4/7/2016,5978.75
4/8/2016,5997.4
4/11/2016,5980.76
4/12/2016,6038.54
4/13/2016,6109.89
4/14/2016,6109.53
4/15/2016,6106.9
4/18/2016,6145.63
4/19/2016,6164.26
4/20/2016,6138.42
4/21/2016,6138.42
4/22/2016,6147.39
4/25/2016,6131.94
4/26/2016,6150.54
4/27/2016,6162.57
4/28/2016,6103.73
4/29/2016,6071.45
5/2/2016,6058.89
5/3/2016,6058.89
5/4/2016,6022.87
5/5/2016,6019.14
5/6/2016,6040.67
5/9/2016,6120.59
5/10/2016,6063.48
5/11/2016,6063.48
5/12/2016,6058.59
5/13/2016,6009.74
5/16/2016,6070.41
5/17/2016,6013.02
5/18/2016,6015.86
5/19/2016,5991.02
5/20/2016,6036.44
5/23/2016,6024.6
5/24/2016,6110.85
5/25/2016,6153.4
5/26/2016,6151.02
5/27/2016,6181.7
5/31/2016,6180.07
6/1/2016,6192.72
6/2/2016,6215.4
6/3/2016,6194.74
6/6/2016,6229.48
6/7/2016,6239.43
6/8/2016,6263.24
6/9/2016,6248.85
6/10/2016,6184.5
6/13/2016,6134.83
6/14/2016,6122.48
6/15/2016,6116.06
6/16/2016,6131.51
6/17/2016,6113.96
6/20/2016,6154.84
6/21/2016,6155.03
6/22/2016,6155.03
6/23/2016,6242.57
6/24/2016,6014.93
6/27/2016,6000.82
6/28/2016,6000.82
6/29/2016,6192.78
6/30/2016,6192.78
7/1/2016,6208.26
7/4/2016,6159.76
7/5/2016,6159.76
7/6/2016,6195.27
7/7/2016,6194.08
7/8/2016,6293.58
7/11/2016,6319.76
7/12/2016,6367.58
7/13/2016,6365.28
7/14/2016,6394.89
7/15/2016,6391.37
7/18/2016,6406.51
7/19/2016,6394.54
7/20/2016,6425.73
7/21/2016,6402.23
7/22/2016,6433.9
7/25/2016,6414.98
7/26/2016,6422.65
7/27/2016,6414.52
7/28/2016,6425.95
7/29/2016,6438.55
8/1/2016,6429.52
8/2/2016,6382.27
8/3/2016,6408.8
8/4/2016,6412.22
8/5/2016,6468.68
8/8/2016,6464.11
8/9/2016,6468.03
8/10/2016,6449.16
8/11/2016,6479.63
8/12/2016,6475.68
8/15/2016,6500.57
8/16/2016,6462.03
8/17/2016,6470.5
8/18/2016,6498.58
8/19/2016,6481.93
8/22/2016,6481.28
8/23/2016,6498.44
8/24/2016,6461.03
8/25/2016,6456.21
8/26/2016,6444.81
8/29/2016,6479.88
8/30/2016,6470.45
8/31/2016,6454.97
9/1/2016,6456.26
9/2/2016,6489.27
9/6/2016,6507.23
9/7/2016,6513.53
9/8/2016,6498.68
9/9/2016,6333.99
9/12/2016,6425.08
9/13/2016,6327.83
9/14/2016,6324.37
9/15/2016,6390.16
9/16/2016,6367.45
9/19/2016,6373.66
9/20/2016,6371.75
9/21/2016,6443.12
9/22/2016,6491.82
9/23/2016,6454.43
9/26/2016,6400.78
9/27/2016,6437.94
9/28/2016,6476.31
9/29/2016,6413.13
9/30/2016,6465.12
10/3/2016,6443.95
10/4/2016,6412.48
10/5/2016,6442.75
10/6/2016,6442.75
10/7/2016,6418.61
10/10/2016,6368.36
10/11/2016,6368.36
10/12/2016,6375.26
10/13/2016,6352.91
10/14/2016,6351.39
10/17/2016,6333.72
10/18/2016,6372.84
10/19/2016,6390.02
10/20/2016,6379.85
10/21/2016,6378.7
10/24/2016,6409.91
10/25/2016,6380.56
10/26/2016,6364.17
10/27/2016,6338.03
10/28/2016,6321.33
10/31/2016,6324.05
11/1/2016,6279.44
11/2/2016,6233.16
11/3/2016,6208.05
11/4/2016,6203.77
11/7/2016,6341.36
11/8/2016,6366.98
11/9/2016,6449.84
11/10/2016,6468.08
11/11/2016,6475.98
11/14/2016,6490.71
11/15/2016,6537.58
11/16/2016,6530.23
11/17/2016,6563.26
11/18/2016,6553
11/21/2016,6600.57
11/22/2016,6630.53
11/23/2016,6630.53
11/25/2016,6656.49
11/28/2016,6615.72
11/29/2016,6624.45
11/30/2016,6608.31
12/1/2016,6582.22
12/2/2016,6584.84
12/5/2016,6632.79
12/6/2016,6663.35
12/7/2016,6747.82
12/8/2016,6806.62
12/9/2016,6806.62
12/12/2016,6789.95
12/13/2016,6829.41
12/14/2016,6770.11
12/15/2016,6797.99
12/16/2016,6787.57
12/19/2016,6803.87
12/20/2016,6833.18
12/21/2016,6813.88
12/22/2016,6795.14
12/23/2016,6808.41
12/26/2016,6825.38
12/27/2016,6825.38
12/28/2016,6766.88
12/29/2016,6767.18
12/30/2016,6737.26
1/2/2017,6792.93
1/3/2017,6792.93
1/4/2017,6846.3
1/5/2017,6832.87
1/6/2017,6853.59
1/9/2017,6826.77
1/10/2017,6835.34
1/11/2017,6854.22
1/12/2017,6835.47
1/13/2017,6853.68
1/17/2017,6824.41
1/18/2017,6840.86
1/19/2017,6812.64
1/20/2017,6835.7
1/23/2017,6818.1
1/24/2017,6871.47
1/25/2017,6926.48
1/26/2017,6918.4
1/27/2017,6909.31
1/30/2017,6862.65
1/31/2017,6864.07
2/1/2017,6865.66
2/2/2017,6869.35
2/3/2017,6926.16
2/6/2017,6908.27
2/7/2017,6906.32
2/8/2017,6912.36
2/9/2017,6959.77
2/10/2017,6987.19
2/13/2017,7022.67
2/14/2017,7051.54
2/15/2017,7086.97
2/16/2017,7079.29
2/17/2017,7090.86
2/21/2017,7135.24
2/22/2017,7124.52
2/23/2017,7120.77
2/24/2017,7132.19
2/27/2017,7148.28
2/28/2017,7119.35
3/1/2017,7219.5
3/2/2017,7171.47
3/3/2017,7175.66
3/6/2017,7148.39
3/7/2017,7124.07
3/8/2017,7106.14
3/9/2017,7106.42
3/10/2017,7130.33
3/13/2017,7138.09
3/14/2017,7112.76
3/15/2017,7178.41
3/16/2017,7170.65
3/17/2017,7165.67
3/20/2017,7147.79
3/21/2017,7047.13
3/22/2017,7059.09
3/23/2017,7057.17
3/24/2017,7052.91
3/27/2017,7048
3/28/2017,7099.71
3/29/2017,7111.63
3/30/2017,7135.55
3/31/2017,7124.2
4/3/2017,7104.99
4/4/2017,7108.84
4/5/2017,7080.21
4/6/2017,7103.32
4/7/2017,7098.12
4/10/2017,7103.85
4/11/2017,7103.85
4/12/2017,7069.32
4/13/2017,7018.89
4/17/2017,7081.95
4/18/2017,7064.96
4/19/2017,7058.93
4/20/2017,7115.23
4/21/2017,7093.97
4/24/2017,7171.3
4/25/2017,7216.77
4/26/2017,7218.39
4/27/2017,7222.64
4/28/2017,7199.71
5/1/2017,7215.33
5/2/2017,7218.47
5/3/2017,7204.38
5/4/2017,7204.92
5/5/2017,7239.35
5/8/2017,7235.14
5/9/2017,7229.42
5/10/2017,7243.68
5/11/2017,7225.58
5/12/2017,7211.81
5/15/2017,7250.15
5/16/2017,7246.48
5/17/2017,7111.43
5/18/2017,7137.38
5/19/2017,7186.31
5/22/2017,7225.38
5/23/2017,7238.4
5/24/2017,7256.61
5/25/2017,7285.91
5/26/2017,7287.98
5/30/2017,7274.48
5/31/2017,7273.39
6/1/2017,7340.25
6/2/2017,7368.32
6/5/2017,7354.56
6/6/2017,7334.47
6/7/2017,7345.98
6/8/2017,7357.18
6/9/2017,7353.66
6/12/2017,7347.61
6/13/2017,7385.36
6/14/2017,7374.43
6/15/2017,7356.21
6/16/2017,7355.81
6/19/2017,7416.99
6/20/2017,7363.6
6/21/2017,7357.31
6/22/2017,7357.9
6/23/2017,7375.6
6/26/2017,7380.64
6/27/2017,7264.18
6/28/2017,7390.16
6/29/2017,7328.14
6/30/2017,7339.03
7/3/2017,7361.01
7/5/2017,7366.3
7/6/2017,7293.78
7/7/2017,7293.85
7/10/2017,7346.36
7/11/2017,7345.5
7/12/2017,7400.09
7/13/2017,7413.35
7/14/2017,7446.02
7/17/2017,7447.47
7/18/2017,7448.98
7/19/2017,7494.45
7/20/2017,7493.72
7/21/2017,7488.16
7/24/2017,7484.71
7/25/2017,7511.42
7/26/2017,7508.11
7/27/2017,7495.19
7/28/2017,7484.09
7/31/2017,7477.41
8/1/2017,7495.48
8/2/2017,7489.77
8/3/2017,7473.61
8/4/2017,7491.03
8/7/2017,7502.52
8/8/2017,7484.42
8/9/2017,7474.34
8/10/2017,7365.68
8/11/2017,7377.36
8/14/2017,7454.57
8/15/2017,7446.36
8/16/2017,7459.98
8/17/2017,7343.99
8/18/2017,7331.31
8/21/2017,7338.61
8/22/2017,7412.09
8/23/2017,7390.34
8/24/2017,7379.95
8/25/2017,7414.81
8/28/2017,7398.35
8/29/2017,7415.4
8/30/2017,7443.22
8/31/2017,7491.82
9/1/2017,7510.92
9/5/2017,7450.7
9/6/2017,7471.63
9/7/2017,7468.41
9/8/2017,7460.61
9/11/2017,7542.5
9/12/2017,7571.01
9/13/2017,7576.43
9/14/2017,7570.56
9/15/2017,7587.72
9/18/2017,7604.66
9/19/2017,7611.21
9/20/2017,7620.02
9/21/2017,7598.55
9/22/2017,7606.88
9/25/2017,7592.41
9/26/2017,7595.13
9/27/2017,7635.8
9/28/2017,7647.99
9/29/2017,7674.52
10/2/2017,7711.52
10/3/2017,7729.13
10/4/2017,7736.99
10/5/2017,7778.57
10/6/2017,7772.3
10/9/2017,7755.91
10/10/2017,7773.9
10/11/2017,7785.98
10/12/2017,7774.82
10/13/2017,7779.56
10/16/2017,7793.11
10/17/2017,7793.11
10/18/2017,7801.76
10/19/2017,7803.41
10/20/2017,7844.26
10/23/2017,7809.47
10/24/2017,7822.45
10/25/2017,7784.19
10/26/2017,7797.53
10/27/2017,7858.19
10/30/2017,7826.98
10/31/2017,7842.04
11/1/2017,7847.26
11/2/2017,7850.09
11/3/2017,7873.18
11/6/2017,7885.83
11/7/2017,7873.16
11/8/2017,7885.22
11/9/2017,7855.78
11/10/2017,7853.59
11/13/2017,7720.94
11/14/2017,7843.53
11/15/2017,7803.01
11/16/2017,7874.44
11/17/2017,7863.45
11/20/2017,7933.1
11/21/2017,7933.1
11/22/2017,7928.02
11/24/2017,7944.12
11/27/2017,7937.34
11/28/2017,8018.07
11/29/2017,8080.12
11/30/2017,8080.12
12/1/2017,8063.21
12/4/2017,8052.21
12/5/2017,8017
12/6/2017,8041.91
12/7/2017,8041.91
12/8/2017,8083.92
12/11/2017,8105.52
12/12/2017,8112.89
12/13/2017,8112.68
12/14/2017,8075.19
12/15/2017,8151.99
12/18/2017,8203.22
12/19/2017,8173.46
12/20/2017,8170.72
12/21/2017,8189.38
12/22/2017,8185.44
12/26/2017,8179.36
12/27/2017,8185.85
12/28/2017,8205.06
12/29/2017,8160.88
1/2/2018,8228.76
1/3/2018,8276.86
1/4/2018,8308.38
1/5/2018,8361.78
1/8/2018,8377.28
1/9/2018,8387.5
1/10/2018,8377.43
1/11/2018,8447.28
1/12/2018,8498.86
1/16/2018,8460.31
1/17/2018,8538.39
1/18/2018,8521.2
1/19/2018,8568.53
1/22/2018,8635.73
1/23/2018,8656.84
1/24/2018,8645.54
1/25/2018,8649.72
1/26/2018,8742.33
1/29/2018,8683.32
1/30/2018,8591.1
1/31/2018,8591.05
2/1/2018,8590.88
2/2/2018,8411.68
2/5/2018,8076.73
2/6/2018,8207.13
2/7/2018,8173.32
2/8/2018,7875.34
2/9/2018,7987.52
2/12/2018,8094.26
2/13/2018,8117.22
2/14/2018,8233.66
2/15/2018,8332.89
2/16/2018,8338.95
2/20/2018,8290
2/21/2018,8250.59
2/22/2018,8255.23
2/23/2018,8383.07
2/26/2018,8474.08
2/27/2018,8366.24
2/28/2018,8274.38
3/1/2018,8177.37
3/2/2018,8230.95
3/5/2018,8320.14
3/6/2018,8351.37
3/7/2018,8355.86
3/8/2018,8388.52
3/9/2018,8529.65
3/12/2018,8524.28
3/13/2018,8471.84
3/14/2018,8427.48
3/15/2018,8416.22
3/16/2018,8436.1
3/19/2018,8322.36
3/20/2018,8334.31
3/21/2018,8327.88
3/22/2018,8121.86
3/23/2018,7953.92
3/26/2018,8162.26
3/27/2018,8019.99
3/28/2018,8000.11
3/29/2018,8108.28
4/2/2018,7925.67
4/3/2018,8024.67
4/4/2018,8117.18
4/5/2018,8174.81
4/6/2018,8000.15
4/9/2018,8024.08
4/10/2018,8159.85
4/11/2018,8123
4/12/2018,8187.05
4/13/2018,8160.81
4/16/2018,8228.33
4/17/2018,8316.12
4/18/2018,8326.21
4/19/2018,8279.37
4/20/2018,8212.96
4/23/2018,8211.25
4/24/2018,8109.38
4/25/2018,8119.5
4/26/2018,8198.13
4/27/2018,8204.81
4/30/2018,8139.1
5/1/2018,8161.3
5/2/2018,8111.52
5/3/2018,8091.82
5/4/2018,8197.49
5/7/2018,8232.34
5/8/2018,8235.67
5/9/2018,8311.81
5/10/2018,8385.05
5/11/2018,8400.48
5/14/2018,8403.78
5/15/2018,8353.55
5/16/2018,8393.83
5/17/2018,8394.77
5/18/2018,8378.19
5/21/2018,8440.07
5/22/2018,8408.58
5/23/2018,8433.46
5/24/2018,8420.1
5/25/2018,8403.49
5/28/2018,8318.72
5/30/2018,8426.74
5/31/2018,8368.87
6/1/2018,8456.45
6/4/2018,8496.14
6/5/2018,8509.03
6/6/2018,8581.39
6/7/2018,8573.23
6/8/2018,8601.3
6/11/2018,8610.11
6/12/2018,8629.21
6/13/2018,8593.87
6/14/2018,8619.69
6/15/2018,8612.9
6/18/2018,8603.44
6/19/2018,8571.48
6/20/2018,8594.08
6/21/2018,8534.93
6/22/2018,8547.93
6/25/2018,8425.11
6/26/2018,8447.59
6/27/2018,8365.95
6/28/2018,8417.63
6/29/2018,8423.6
7/2/2018,8452.04
7/3/2018,8419.03
7/5/2018,8494.33
7/6/2018,8568.38
7/9/2018,8644.04
7/10/2018,8665.54
7/11/2018,8604.81
7/12/2018,8675.49
7/13/2018,8681.17
7/16/2018,8665.89
7/17/2018,8703.36
7/18/2018,8723.82
7/19/2018,8700.32
7/20/2018,8688.4
7/23/2018,8701.46
7/24/2018,8720.2
7/25/2018,8793.81
7/26/2018,8778.22
7/27/2018,8707.49
7/30/2018,8653.25
7/31/2018,8703.15
8/1/2018,8695.08
8/2/2018,8747.5
8/3/2018,8778.31
8/6/2018,8814.64
8/7/2018,8840.54
8/8/2018,8836.36
8/9/2018,8831.02
8/10/2018,8776.76
8/13/2018,8738.63
8/14/2018,8798.19
8/15/2018,8726.52
8/16/2018,8798.34
8/17/2018,8828.76
8/20/2018,8852.22
8/21/2018,8881.59
8/22/2018,8882.43
8/23/2018,8866.02
8/24/2018,8921.46
8/27/2018,8984.89
8/28/2018,8988.67
8/29/2018,9037.82
8/30/2018,9001.17
8/31/2018,9008.78
9/4/2018,8994.58
9/5/2018,8965.08
9/6/2018,8931.62
9/7/2018,8912.95
9/10/2018,8932.39
9/11/2018,8962.6
9/12/2018,8965.01
9/13/2018,9009.22
9/14/2018,9018.27
9/17/2018,8959.01
9/18/2018,9006.34
9/19/2018,9008.58
9/20/2018,9079.89
9/21/2018,9072.02
9/24/2018,9039.28
9/25/2018,9033.05
9/26/2018,8995.64
9/27/2018,9019.53
9/28/2018,9023.69
10/1/2018,9037.76
10/2/2018,9023.86
10/3/2018,9038.79
10/4/2018,8957.33
10/5/2018,8903.4
10/8/2018,8893.43
10/9/2018,8878.34
10/10/2018,8590.5
10/11/2018,8417.63
10/12/2018,8527.59
10/15/2018,8488.86
10/16/2018,8677.94
10/17/2018,8670.86
10/18/2018,8543.18
10/19/2018,8526.46
10/22/2018,8491.81
10/23/2018,8443.22
10/24/2018,8175.89
10/25/2018,8329.19
10/26/2018,8191.88
10/29/2018,8138.35
10/30/2018,8270.16
10/31/2018,8359.25
11/1/2018,8462.91
11/2/2018,8416.46
11/5/2018,8454.51
11/6/2018,8506.05
11/7/2018,8680.33
11/8/2018,8659.12
11/9/2018,8573.28
11/12/2018,8404.37
11/13/2018,8393.83
11/14/2018,8331.43
11/15/2018,8426.29
11/16/2018,8445.31
11/19/2018,8298.05
11/20/2018,8150.88
11/21/2018,8189.47
11/23/2018,8144.49
11/26/2018,8270.19
11/27/2018,8281.01
11/28/2018,8473.95
11/29/2018,8457.92
11/30/2018,8526.68
12/3/2018,8620.64
12/4/2018,8333.56
12/6/2018,8326.04
12/7/2018,8134.72
12/10/2018,8142.46
12/11/2018,8137.09
12/12/2018,8185.52
12/13/2018,8170.04
12/14/2018,8021.88
12/17/2018,7850.48
12/18/2018,7851.45
12/19/2018,7728.59
12/20/2018,7604.81
12/21/2018,7444.64
12/24/2018,7248.54
12/26/2018,7608.69
12/27/2018,7668.84
12/28/2018,7665.86
12/31/2018,7733.11
1/2/2019,7741.16
1/3/2019,7558.58
1/4/2019,7821.13
1/7/2019,7888.4
1/8/2019,7971.67
1/9/2019,8013.12
1/10/2019,8051.07
1/11/2019,8051.33
1/14/2019,8005.51
1/15/2019,8088.56
1/16/2019,8112.83
1/17/2019,8176.57
1/18/2019,8281.99
1/22/2019,8162.98
1/23/2019,8175.72
1/24/2019,8195.86
1/25/2019,8272.04
1/28/2019,8212.32
1/29/2019,8200.73
1/30/2019,8324.29
1/31/2019,8396.87
2/1/2019,8411.15
2/4/2019,8471.5
2/5/2019,8509.92
2/6/2019,8492.1
2/7/2019,8417.92
2/8/2019,8426.56
2/11/2019,8440.19
2/12/2019,8548.61
2/13/2019,8574.54
2/14/2019,8558.76
2/15/2019,8653.98
2/19/2019,8668.56
2/20/2019,8685.79
2/21/2019,8655.47
2/22/2019,8715.31
2/25/2019,8726.4
2/26/2019,8712.25
2/27/2019,8715.82
2/28/2019,8692.18
3/1/2019,8752.68
3/4/2019,8711.6
3/5/2019,8698.67
3/6/2019,8629.71
3/7/2019,8562.64
3/8/2019,8545.69
3/11/2019,8673.3
3/12/2019,8697.91
3/13/2019,8755.35
3/14/2019,8748.31
3/15/2019,8788.16
3/18/2019,8823.84
3/19/2019,8816.72
3/20/2019,8785.81
3/21/2019,8886.23
3/22/2019,8701.35
3/25/2019,8697.15
3/26/2019,8762.92
3/27/2019,8722.7
3/28/2019,8762.28
3/29/2019,8819.1
4/1/2019,8921.93
4/2/2019,8920.77
4/3/2019,8944.33
4/4/2019,8962.5
4/5/2019,9009.29
4/8/2019,9016.78
4/9/2019,8958.3
4/10/2019,9001.79
4/11/2019,9002.75
4/12/2019,9061.69
4/15/2019,9053.66
4/16/2019,9057.89
4/17/2019,9027.3
4/18/2019,9039.36
4/22/2019,9044.27
4/23/2019,9132.18
4/24/2019,9116.84
4/25/2019,9104.44
4/26/2019,9153.64
4/29/2019,9166.17
4/30/2019,9171.26
5/1/2019,9100.68
5/2/2019,9087.29
5/3/2019,9184.97
5/6/2019,9150
5/7/2019,8994.8
5/8/2019,8978.68
5/9/2019,8955.81
5/10/2019,8989.76
5/13/2019,8762.59
5/14/2019,8841.36
5/15/2019,8892.85
5/16/2019,8972.91
5/17/2019,8912.03
5/20/2019,8849.52
5/21/2019,8931.67
5/22/2019,8899.96
5/23/2019,8786.15
5/24/2019,8805.63
5/28/2019,8733.72
5/29/2019,8672.04
5/30/2019,8687.18
5/31/2019,8577.78
6/3/2019,8558.57
6/4/2019,8748.65
6/5/2019,8814.32
6/6/2019,8862.49
6/7/2019,8951.4
6/10/2019,8996.15
6/11/2019,8989.95
6/12/2019,8973.77
6/13/2019,9018.26
6/14/2019,8996.25
6/17/2019,9009.64
6/18/2019,9099.61
6/19/2019,9129.32
6/20/2019,9211.28
6/21/2019,9190.89
6/24/2019,9162.47
6/25/2019,9077.83
6/26/2019,9066.16
6/27/2019,9119.08
6/28/2019,9180.25
7/1/2019,9247.17
7/2/2019,9266.56
7/3/2019,9341
7/5/2019,9330.02
7/8/2019,9279.88
7/9/2019,9297.82
7/10/2019,9335.77
7/11/2019,9350.65
7/12/2019,9398.59
7/15/2019,9396.62
7/16/2019,9368.09
7/17/2019,9309.81
7/18/2019,9343.38
7/19/2019,9287.09
7/22/2019,9309.38
7/23/2019,9372.99
7/24/2019,9430.73
7/25/2019,9373.2
7/26/2019,9447.21
7/29/2019,9424.92
7/30/2019,9414.05
7/31/2019,9316.71
8/1/2019,9226.41
8/2/2019,9151.9
8/5/2019,8878.58
8/6/2019,8993.87
8/7/2019,9003.35
8/8/2019,9178.47
8/9/2019,9112.37
8/12/2019,9000.78
8/13/2019,9128.73
8/14/2019,8864.64
8/15/2019,8881.76
8/16/2019,9018.11
8/19/2019,9122.58
8/20/2019,9054.09
8/21/2019,9129.43
8/22/2019,9123.48
8/23/2019,8886.03
8/26/2019,8981.12
8/27/2019,8942.48
8/28/2019,9002.37
8/29/2019,9121.26
8/30/2019,9126.79
9/3/2019,9056.79
9/4/2019,9154.05
9/5/2019,9277.22
9/6/2019,9281.31
9/9/2019,9286.06
9/10/2019,9296.34
9/11/2019,9375.63
9/12/2019,9399.74
9/13/2019,9394.57
9/16/2019,9377.79
9/17/2019,9398.18
9/18/2019,9394.43
9/19/2019,9392.29
9/20/2019,9350.25
9/23/2019,9349.74
9/24/2019,9262.26
9/25/2019,9323.63
9/26/2019,9294.15
9/27/2019,9240.11
9/30/2019,9286.97
10/1/2019,9167.03
10/2/2019,9012.26
10/3/2019,9085.85
10/4/2019,9210.51
10/7/2019,9173.14
10/8/2019,9026.43
10/9/2019,9108.53
10/10/2019,9162.89
10/11/2019,9271.68
10/14/2019,9256.77
10/15/2019,9348.17
10/16/2019,9327.03
10/17/2019,9361.04
10/18/2019,9323.46
10/21/2019,9388.37
10/22/2019,9354.83
10/23/2019,9379.32
10/24/2019,9401.95
10/25/2019,9443.2
10/28/2019,9499.63
10/29/2019,9489.87
10/30/2019,9514.06
10/31/2019,9470
11/1/2019,9586.71
11/4/2019,9622.45
11/5/2019,9612.23
11/6/2019,9612.04
11/7/2019,9642.66
11/8/2019,9671.6
11/11/2019,9655.76
11/12/2019,9670.03
11/13/2019,9674.23
11/14/2019,9685.33
11/15/2019,9760.12
11/18/2019,9763.49
11/19/2019,9764.99
11/20/2019,9733.78
11/21/2019,9713.66
11/22/2019,9735.74
11/25/2019,9821.91
11/26/2019,9844.9
11/27/2019,9889.15
11/29/2019,9843.11
12/2/2019,9752.65
12/3/2019,9628.15
12/4/2019,9700.4
12/5/2019,9736.51
12/6/2019,9775.11
